season,round,driver_id,lap,position,lap_time
2024,1,max_verstappen,1,1,1:37.284
2024,1,leclerc,1,2,1:38.271
2024,1,russell,1,3,1:39.228
2024,1,perez,1,4,1:40.053
2024,1,sainz,1,5,1:40.620
2024,1,alonso,1,6,1:41.679
2024,1,norris,1,7,1:42.168
2024,1,piastri,1,8,1:42.523
2024,1,hamilton,1,9,1:43.122
2024,1,tsunoda,1,10,1:43.485
2024,1,albon,1,11,1:43.888
2024,1,kevin_magnussen,1,12,1:44.349
2024,1,zhou,1,13,1:44.801
2024,1,ricciardo,1,14,1:45.668
2024,1,sargeant,1,15,1:45.921
2024,1,ocon,1,16,1:46.657
2024,1,gasly,1,17,1:47.240
2024,1,bottas,1,18,1:48.536
2024,1,stroll,1,19,1:50.214
2024,1,hulkenberg,1,20,1:53.555
2024,1,max_verstappen,2,1,1:36.296
2024,1,leclerc,2,2,1:36.862
2024,1,russell,2,3,1:36.635
2024,1,perez,2,4,1:36.541
2024,1,sainz,2,5,1:37.236
2024,1,alonso,2,6,1:38.020
2024,1,norris,2,7,1:38.010
2024,1,piastri,2,8,1:38.382
2024,1,hamilton,2,9,1:38.273
2024,1,tsunoda,2,10,1:38.689
2024,1,albon,2,11,1:38.826
2024,1,kevin_magnussen,2,12,1:38.911
2024,1,zhou,2,13,1:38.920
2024,1,sargeant,2,14,1:38.481
2024,1,ricciardo,2,15,1:39.509
2024,1,ocon,2,16,1:39.094
2024,1,gasly,2,17,1:39.059
2024,1,bottas,2,18,1:38.259
2024,1,stroll,2,19,1:37.987
2024,1,hulkenberg,2,20,2:10.911
2024,1,max_verstappen,3,1,1:36.753
2024,1,russell,3,2,1:36.406
2024,1,leclerc,3,3,1:38.062
2024,1,perez,3,4,1:37.297
2024,1,sainz,3,5,1:37.080
2024,1,norris,3,6,1:37.787
2024,1,alonso,3,7,1:39.046
2024,1,piastri,3,8,1:38.258
2024,1,hamilton,3,9,1:38.303
2024,1,tsunoda,3,10,1:38.431
2024,1,albon,3,11,1:38.507
2024,1,kevin_magnussen,3,12,1:38.399
2024,1,zhou,3,13,1:38.582
2024,1,sargeant,3,14,1:38.707
2024,1,ricciardo,3,15,1:38.760
2024,1,ocon,3,16,1:38.771
2024,1,gasly,3,17,1:38.744
2024,1,bottas,3,18,1:38.837
2024,1,stroll,3,19,1:38.279
2024,1,hulkenberg,3,20,1:37.317
2024,1,max_verstappen,4,1,1:36.647
2024,1,russell,4,2,1:37.738
2024,1,leclerc,4,3,1:37.752
2024,1,perez,4,4,1:37.722
2024,1,sainz,4,5,1:37.264
2024,1,norris,4,6,1:37.450
2024,1,alonso,4,7,1:37.776
2024,1,piastri,4,8,1:37.897
2024,1,hamilton,4,9,1:38.287
2024,1,tsunoda,4,10,1:38.310
2024,1,albon,4,11,1:38.422
2024,1,kevin_magnussen,4,12,1:38.497
2024,1,zhou,4,13,1:38.428
2024,1,sargeant,4,14,1:38.390
2024,1,ricciardo,4,15,1:38.610
2024,1,ocon,4,16,1:38.625
2024,1,gasly,4,17,1:38.503
2024,1,bottas,4,18,1:38.643
2024,1,stroll,4,19,1:38.364
2024,1,hulkenberg,4,20,1:37.349
2024,1,max_verstappen,5,1,1:37.173
2024,1,russell,5,2,1:38.116
2024,1,leclerc,5,3,1:38.131
2024,1,perez,5,4,1:38.044
2024,1,sainz,5,5,1:38.032
2024,1,norris,5,6,1:37.794
2024,1,piastri,5,7,1:37.859
2024,1,alonso,5,8,1:39.292
2024,1,hamilton,5,9,1:38.350
2024,1,tsunoda,5,10,1:38.321
2024,1,albon,5,11,1:38.509
2024,1,kevin_magnussen,5,12,1:38.576
2024,1,zhou,5,13,1:38.798
2024,1,sargeant,5,14,1:38.757
2024,1,ricciardo,5,15,1:38.704
2024,1,ocon,5,16,1:38.640
2024,1,gasly,5,17,1:38.664
2024,1,stroll,5,18,1:38.725
2024,1,bottas,5,19,1:40.087
2024,1,hulkenberg,5,20,1:37.663
2024,1,max_verstappen,6,1,1:37.092
2024,1,russell,6,2,1:37.784
2024,1,leclerc,6,3,1:37.782
2024,1,perez,6,4,1:37.823
2024,1,sainz,6,5,1:37.741
2024,1,norris,6,6,1:37.896
2024,1,piastri,6,7,1:37.955
2024,1,alonso,6,8,1:38.053
2024,1,hamilton,6,9,1:38.183
2024,1,tsunoda,6,10,1:38.361
2024,1,albon,6,11,1:38.575
2024,1,kevin_magnussen,6,12,1:38.529
2024,1,zhou,6,13,1:38.488
2024,1,sargeant,6,14,1:38.582
2024,1,ricciardo,6,15,1:38.689
2024,1,ocon,6,16,1:38.874
2024,1,gasly,6,17,1:39.099
2024,1,stroll,6,18,1:38.925
2024,1,bottas,6,19,1:39.206
2024,1,hulkenberg,6,20,1:37.896
2024,1,max_verstappen,7,1,1:37.038
2024,1,russell,7,2,1:38.082
2024,1,perez,7,3,1:37.821
2024,1,leclerc,7,4,1:38.957
2024,1,sainz,7,5,1:38.260
2024,1,norris,7,6,1:37.860
2024,1,piastri,7,7,1:37.984
2024,1,alonso,7,8,1:38.008
2024,1,hamilton,7,9,1:37.839
2024,1,tsunoda,7,10,1:38.364
2024,1,albon,7,11,1:38.971
2024,1,kevin_magnussen,7,12,1:40.058
2024,1,zhou,7,13,1:39.517
2024,1,sargeant,7,14,1:39.464
2024,1,ricciardo,7,15,1:39.193
2024,1,ocon,7,16,1:39.152
2024,1,gasly,7,17,1:39.078
2024,1,stroll,7,18,1:38.769
2024,1,bottas,7,19,1:38.654
2024,1,hulkenberg,7,20,1:37.682
2024,1,max_verstappen,8,1,1:37.024
2024,1,russell,8,2,1:37.862
2024,1,perez,8,3,1:37.838
2024,1,leclerc,8,4,1:38.136
2024,1,sainz,8,5,1:38.183
2024,1,norris,8,6,1:38.134
2024,1,piastri,8,7,1:37.956
2024,1,alonso,8,8,1:38.103
2024,1,hamilton,8,9,1:38.221
2024,1,tsunoda,8,10,1:38.513
2024,1,albon,8,11,1:38.660
2024,1,kevin_magnussen,8,12,1:39.172
2024,1,zhou,8,13,1:39.646
2024,1,sargeant,8,14,1:39.580
2024,1,ricciardo,8,15,1:39.529
2024,1,ocon,8,16,1:39.422
2024,1,gasly,8,17,1:39.287
2024,1,stroll,8,18,1:38.857
2024,1,bottas,8,19,1:38.968
2024,1,hulkenberg,8,20,1:37.820
2024,1,max_verstappen,9,1,1:37.229
2024,1,russell,9,2,1:37.730
2024,1,perez,9,3,1:37.596
2024,1,leclerc,9,4,1:37.844
2024,1,sainz,9,5,1:38.030
2024,1,norris,9,6,1:38.064
2024,1,piastri,9,7,1:38.096
2024,1,alonso,9,8,1:38.896
2024,1,hamilton,9,9,1:38.645
2024,1,tsunoda,9,10,1:38.554
2024,1,albon,9,11,1:38.652
2024,1,kevin_magnussen,9,12,1:38.861
2024,1,sargeant,9,13,1:39.366
2024,1,ricciardo,9,14,1:39.338
2024,1,ocon,9,15,1:39.312
2024,1,zhou,9,16,1:41.849
2024,1,gasly,9,17,1:39.452
2024,1,bottas,9,18,1:39.425
2024,1,stroll,9,19,1:42.112
2024,1,hulkenberg,9,20,1:37.883
2024,1,max_verstappen,10,1,1:36.960
2024,1,russell,10,2,1:37.782
2024,1,perez,10,3,1:37.630
2024,1,leclerc,10,4,1:37.884
2024,1,sainz,10,5,1:37.608
2024,1,norris,10,6,1:37.936
2024,1,piastri,10,7,1:38.073
2024,1,hamilton,10,8,1:38.037
2024,1,alonso,10,9,1:39.325
2024,1,tsunoda,10,10,1:38.912
2024,1,albon,10,11,1:38.952
2024,1,kevin_magnussen,10,12,1:38.747
2024,1,ricciardo,10,13,1:38.782
2024,1,gasly,10,14,1:38.929
2024,1,bottas,10,15,1:39.112
2024,1,ocon,10,16,1:41.642
2024,1,zhou,10,17,1:59.328
2024,1,stroll,10,18,1:57.815
2024,1,hulkenberg,10,19,1:38.370
2024,1,sargeant,10,20,2:41.860
2024,1,max_verstappen,11,1,1:37.085
2024,1,perez,11,2,1:37.836
2024,1,sainz,11,3,1:37.656
2024,1,russell,11,4,1:40.515
2024,1,norris,11,5,1:38.172
2024,1,leclerc,11,6,1:41.737
2024,1,piastri,11,7,1:38.397
2024,1,hamilton,11,8,1:38.236
2024,1,alonso,11,9,1:38.554
2024,1,tsunoda,11,10,1:38.799
2024,1,albon,11,11,1:38.835
2024,1,kevin_magnussen,11,12,1:41.088
2024,1,ricciardo,11,13,1:39.033
2024,1,gasly,11,14,1:38.656
2024,1,bottas,11,15,1:39.187
2024,1,zhou,11,16,1:36.365
2024,1,stroll,11,17,1:36.494
2024,1,ocon,11,18,1:59.014
2024,1,hulkenberg,11,19,1:37.638
2024,1,sargeant,11,20,2:12.438
2024,1,max_verstappen,12,1,1:37.045
2024,1,sainz,12,2,1:37.650
2024,1,perez,12,3,1:40.277
2024,1,norris,12,4,1:38.082
2024,1,piastri,12,5,1:40.739
2024,1,alonso,12,6,1:38.543
2024,1,hamilton,12,7,1:40.889
2024,1,tsunoda,12,8,1:38.769
2024,1,albon,12,9,1:38.934
2024,1,ricciardo,12,10,1:38.893
2024,1,russell,12,11,1:58.460
2024,1,gasly,12,12,1:41.456
2024,1,leclerc,12,13,1:57.471
2024,1,bottas,12,14,1:43.145
2024,1,zhou,12,15,1:36.995
2024,1,stroll,12,16,1:37.175
2024,1,kevin_magnussen,12,17,1:59.682
2024,1,ocon,12,18,1:37.599
2024,1,hulkenberg,12,19,1:37.706
2024,1,sargeant,12,20,1:38.493
2024,1,max_verstappen,13,1,1:37.030
2024,1,sainz,13,2,1:37.243
2024,1,norris,13,3,1:40.635
2024,1,alonso,13,4,1:38.587
2024,1,tsunoda,13,5,1:38.860
2024,1,albon,13,6,1:38.823
2024,1,russell,13,7,1:37.167
2024,1,perez,13,8,1:57.624
2024,1,leclerc,13,9,1:36.432
2024,1,ricciardo,13,10,1:42.173
2024,1,piastri,13,11,1:58.689
2024,1,hamilton,13,12,1:58.645
2024,1,zhou,13,13,1:37.436
2024,1,stroll,13,14,1:37.289
2024,1,kevin_magnussen,13,15,1:36.890
2024,1,ocon,13,16,1:37.363
2024,1,hulkenberg,13,17,1:37.801
2024,1,gasly,13,18,2:04.565
2024,1,bottas,13,19,2:01.081
2024,1,sargeant,13,20,1:40.989
2024,1,max_verstappen,14,1,1:37.028
2024,1,sainz,14,2,1:39.753
2024,1,alonso,14,3,1:38.612
2024,1,tsunoda,14,4,1:41.138
2024,1,albon,14,5,1:38.977
2024,1,perez,14,6,1:35.606
2024,1,russell,14,7,1:37.571
2024,1,leclerc,14,8,1:36.756
2024,1,norris,14,9,1:57.770
2024,1,piastri,14,10,1:36.796
2024,1,hamilton,14,11,1:37.178
2024,1,zhou,14,12,1:37.482
2024,1,stroll,14,13,1:37.624
2024,1,kevin_magnussen,14,14,1:37.590
2024,1,ocon,14,15,1:37.537
2024,1,ricciardo,14,16,1:59.408
2024,1,hulkenberg,14,17,1:37.879
2024,1,bottas,14,18,1:36.454
2024,1,gasly,14,19,1:37.689
2024,1,sargeant,14,20,1:41.470
2024,1,max_verstappen,15,1,1:37.011
2024,1,alonso,15,2,1:41.101
2024,1,perez,15,3,1:36.815
2024,1,russell,15,4,1:36.922
2024,1,albon,15,5,1:41.171
2024,1,leclerc,15,6,1:36.813
2024,1,sainz,15,7,1:57.225
2024,1,norris,15,8,1:36.912
2024,1,piastri,15,9,1:36.823
2024,1,hamilton,15,10,1:37.264
2024,1,zhou,15,11,1:37.500
2024,1,stroll,15,12,1:37.533
2024,1,tsunoda,15,13,1:59.588
2024,1,kevin_magnussen,15,14,1:38.332
2024,1,ocon,15,15,1:37.843
2024,1,ricciardo,15,16,1:37.070
2024,1,hulkenberg,15,17,1:38.110
2024,1,bottas,15,18,1:37.287
2024,1,gasly,15,19,1:37.492
2024,1,sargeant,15,20,1:37.594
2024,1,max_verstappen,16,1,1:37.168
2024,1,perez,16,2,1:35.783
2024,1,russell,16,3,1:36.683
2024,1,leclerc,16,4,1:36.673
2024,1,sainz,16,5,1:36.376
2024,1,norris,16,6,1:36.565
2024,1,piastri,16,7,1:36.427
2024,1,hamilton,16,8,1:37.091
2024,1,zhou,16,9,1:37.659
2024,1,alonso,16,10,1:58.814
2024,1,stroll,16,11,1:38.027
2024,1,tsunoda,16,12,1:37.516
2024,1,kevin_magnussen,16,13,1:37.749
2024,1,ocon,16,14,1:37.902
2024,1,albon,16,15,1:59.341
2024,1,ricciardo,16,16,1:37.176
2024,1,hulkenberg,16,17,1:37.796
2024,1,bottas,16,18,1:37.718
2024,1,gasly,16,19,1:37.521
2024,1,sargeant,16,20,1:41.370
2024,1,max_verstappen,17,1,1:39.896
2024,1,perez,17,2,1:36.454
2024,1,russell,17,3,1:36.234
2024,1,sainz,17,4,1:35.507
2024,1,leclerc,17,5,1:37.302
2024,1,norris,17,6,1:36.776
2024,1,piastri,17,7,1:36.872
2024,1,hamilton,17,8,1:37.111
2024,1,alonso,17,9,1:36.970
2024,1,zhou,17,10,1:38.475
2024,1,tsunoda,17,11,1:37.482
2024,1,stroll,17,12,1:38.777
2024,1,kevin_magnussen,17,13,1:38.282
2024,1,albon,17,14,1:37.392
2024,1,ocon,17,15,1:38.911
2024,1,ricciardo,17,16,1:37.290
2024,1,hulkenberg,17,17,1:37.891
2024,1,bottas,17,18,1:37.765
2024,1,gasly,17,19,1:37.949
2024,1,sargeant,17,20,1:39.758
2024,1,max_verstappen,18,1,1:57.854
2024,1,perez,18,2,1:36.311
2024,1,sainz,18,3,1:36.088
2024,1,russell,18,4,1:37.819
2024,1,leclerc,18,5,1:37.438
2024,1,norris,18,6,1:36.508
2024,1,piastri,18,7,1:37.095
2024,1,hamilton,18,8,1:36.850
2024,1,alonso,18,9,1:37.361
2024,1,zhou,18,10,1:37.552
2024,1,tsunoda,18,11,1:37.359
2024,1,stroll,18,12,1:37.417
2024,1,kevin_magnussen,18,13,1:37.583
2024,1,albon,18,14,1:37.590
2024,1,ocon,18,15,1:38.120
2024,1,ricciardo,18,16,1:37.700
2024,1,hulkenberg,18,17,1:38.216
2024,1,bottas,18,18,1:37.918
2024,1,gasly,18,19,1:37.791
2024,1,sargeant,18,20,1:38.077
2024,1,max_verstappen,19,1,1:35.283
2024,1,perez,19,2,1:36.038
2024,1,sainz,19,3,1:36.236
2024,1,russell,19,4,1:37.233
2024,1,leclerc,19,5,1:36.821
2024,1,norris,19,6,1:36.416
2024,1,piastri,19,7,1:36.577
2024,1,hamilton,19,8,1:36.694
2024,1,alonso,19,9,1:37.072
2024,1,zhou,19,10,1:37.652
2024,1,tsunoda,19,11,1:37.396
2024,1,stroll,19,12,1:37.554
2024,1,kevin_magnussen,19,13,1:37.792
2024,1,albon,19,14,1:37.763
2024,1,ocon,19,15,1:38.332
2024,1,ricciardo,19,16,1:38.350
2024,1,hulkenberg,19,17,1:37.862
2024,1,bottas,19,18,1:37.662
2024,1,gasly,19,19,1:37.702
2024,1,sargeant,19,20,1:37.742
2024,1,max_verstappen,20,1,1:35.160
2024,1,perez,20,2,1:36.278
2024,1,sainz,20,3,1:36.034
2024,1,russell,20,4,1:36.732
2024,1,leclerc,20,5,1:36.794
2024,1,norris,20,6,1:36.501
2024,1,piastri,20,7,1:36.644
2024,1,hamilton,20,8,1:36.264
2024,1,alonso,20,9,1:37.357
2024,1,zhou,20,10,1:37.749
2024,1,tsunoda,20,11,1:37.766
2024,1,stroll,20,12,1:37.859
2024,1,kevin_magnussen,20,13,1:38.062
2024,1,albon,20,14,1:37.701
2024,1,ocon,20,15,1:38.185
2024,1,ricciardo,20,16,1:37.865
2024,1,bottas,20,17,1:38.285
2024,1,gasly,20,18,1:38.036
2024,1,hulkenberg,20,19,1:40.798
2024,1,sargeant,20,20,1:37.820
2024,1,max_verstappen,21,1,1:35.316
2024,1,perez,21,2,1:36.165
2024,1,sainz,21,3,1:36.104
2024,1,russell,21,4,1:36.769
2024,1,leclerc,21,5,1:36.977
2024,1,norris,21,6,1:36.620
2024,1,piastri,21,7,1:36.733
2024,1,hamilton,21,8,1:36.510
2024,1,alonso,21,9,1:37.342
2024,1,zhou,21,10,1:37.947
2024,1,tsunoda,21,11,1:37.777
2024,1,stroll,21,12,1:38.022
2024,1,kevin_magnussen,21,13,1:38.010
2024,1,albon,21,14,1:37.918
2024,1,ricciardo,21,15,1:37.392
2024,1,ocon,21,16,1:39.363
2024,1,bottas,21,17,1:37.730
2024,1,gasly,21,18,1:38.094
2024,1,hulkenberg,21,19,1:58.699
2024,1,sargeant,21,20,1:38.009
2024,1,max_verstappen,22,1,1:35.204
2024,1,perez,22,2,1:36.037
2024,1,sainz,22,3,1:36.008
2024,1,russell,22,4,1:36.992
2024,1,leclerc,22,5,1:36.796
2024,1,norris,22,6,1:36.668
2024,1,piastri,22,7,1:36.555
2024,1,hamilton,22,8,1:36.633
2024,1,alonso,22,9,1:37.122
2024,1,zhou,22,10,1:37.852
2024,1,tsunoda,22,11,1:37.837
2024,1,stroll,22,12,1:38.175
2024,1,kevin_magnussen,22,13,1:38.147
2024,1,albon,22,14,1:38.031
2024,1,ricciardo,22,15,1:37.750
2024,1,ocon,22,16,1:38.655
2024,1,bottas,22,17,1:37.998
2024,1,gasly,22,18,1:37.868
2024,1,hulkenberg,22,19,1:36.858
2024,1,sargeant,22,20,1:37.728
2024,1,max_verstappen,23,1,1:35.216
2024,1,perez,23,2,1:36.249
2024,1,sainz,23,3,1:36.149
2024,1,russell,23,4,1:36.954
2024,1,leclerc,23,5,1:36.987
2024,1,norris,23,6,1:36.696
2024,1,piastri,23,7,1:36.680
2024,1,hamilton,23,8,1:36.717
2024,1,alonso,23,9,1:37.265
2024,1,zhou,23,10,1:37.788
2024,1,tsunoda,23,11,1:37.671
2024,1,stroll,23,12,1:37.826
2024,1,kevin_magnussen,23,13,1:38.293
2024,1,albon,23,14,1:37.869
2024,1,ricciardo,23,15,1:37.772
2024,1,ocon,23,16,1:38.407
2024,1,bottas,23,17,1:38.180
2024,1,gasly,23,18,1:38.104
2024,1,hulkenberg,23,19,1:36.725
2024,1,sargeant,23,20,1:37.621
2024,1,max_verstappen,24,1,1:35.289
2024,1,perez,24,2,1:36.211
2024,1,sainz,24,3,1:36.200
2024,1,russell,24,4,1:36.736
2024,1,leclerc,24,5,1:36.924
2024,1,norris,24,6,1:36.823
2024,1,piastri,24,7,1:36.884
2024,1,hamilton,24,8,1:36.666
2024,1,alonso,24,9,1:37.046
2024,1,zhou,24,10,1:37.894
2024,1,tsunoda,24,11,1:37.634
2024,1,stroll,24,12,1:38.138
2024,1,kevin_magnussen,24,13,1:38.156
2024,1,albon,24,14,1:38.204
2024,1,ricciardo,24,15,1:37.766
2024,1,ocon,24,16,1:38.420
2024,1,bottas,24,17,1:38.146
2024,1,gasly,24,18,1:38.192
2024,1,hulkenberg,24,19,1:36.626
2024,1,sargeant,24,20,1:39.437
2024,1,max_verstappen,25,1,1:35.342
2024,1,perez,25,2,1:36.344
2024,1,sainz,25,3,1:36.220
2024,1,russell,25,4,1:36.928
2024,1,leclerc,25,5,1:36.760
2024,1,norris,25,6,1:36.730
2024,1,piastri,25,7,1:37.008
2024,1,hamilton,25,8,1:36.919
2024,1,alonso,25,9,1:37.179
2024,1,zhou,25,10,1:37.883
2024,1,tsunoda,25,11,1:37.851
2024,1,stroll,25,12,1:37.994
2024,1,kevin_magnussen,25,13,1:38.290
2024,1,albon,25,14,1:38.226
2024,1,ricciardo,25,15,1:37.973
2024,1,ocon,25,16,1:38.494
2024,1,bottas,25,17,1:38.262
2024,1,gasly,25,18,1:38.160
2024,1,hulkenberg,25,19,1:36.652
2024,1,sargeant,25,20,1:39.093
2024,1,max_verstappen,26,1,1:35.223
2024,1,perez,26,2,1:36.347
2024,1,sainz,26,3,1:36.221
2024,1,russell,26,4,1:36.801
2024,1,leclerc,26,5,1:36.810
2024,1,norris,26,6,1:36.566
2024,1,piastri,26,7,1:36.882
2024,1,hamilton,26,8,1:36.714
2024,1,alonso,26,9,1:37.638
2024,1,zhou,26,10,1:37.995
2024,1,tsunoda,26,11,1:38.058
2024,1,stroll,26,12,1:38.133
2024,1,kevin_magnussen,26,13,1:38.093
2024,1,albon,26,14,1:38.100
2024,1,ricciardo,26,15,1:38.029
2024,1,ocon,26,16,1:38.665
2024,1,bottas,26,17,1:38.308
2024,1,gasly,26,18,1:38.379
2024,1,hulkenberg,26,19,1:36.548
2024,1,sargeant,26,20,1:37.859
2024,1,max_verstappen,27,1,1:35.581
2024,1,perez,27,2,1:36.233
2024,1,sainz,27,3,1:36.272
2024,1,russell,27,4,1:36.815
2024,1,leclerc,27,5,1:36.831
2024,1,norris,27,6,1:36.726
2024,1,piastri,27,7,1:36.905
2024,1,hamilton,27,8,1:37.201
2024,1,alonso,27,9,1:36.945
2024,1,zhou,27,10,1:38.053
2024,1,tsunoda,27,11,1:38.083
2024,1,kevin_magnussen,27,12,1:38.226
2024,1,stroll,27,13,1:40.710
2024,1,albon,27,14,1:38.296
2024,1,ricciardo,27,15,1:38.152
2024,1,ocon,27,16,1:38.549
2024,1,bottas,27,17,1:38.426
2024,1,gasly,27,18,1:38.400
2024,1,hulkenberg,27,19,1:36.647
2024,1,sargeant,27,20,1:38.288
2024,1,max_verstappen,28,1,1:35.477
2024,1,perez,28,2,1:36.226
2024,1,sainz,28,3,1:36.534
2024,1,russell,28,4,1:36.911
2024,1,leclerc,28,5,1:36.907
2024,1,norris,28,6,1:37.018
2024,1,piastri,28,7,1:36.905
2024,1,hamilton,28,8,1:36.692
2024,1,alonso,28,9,1:37.256
2024,1,tsunoda,28,10,1:38.164
2024,1,zhou,28,11,1:40.675
2024,1,kevin_magnussen,28,12,1:37.936
2024,1,albon,28,13,1:38.048
2024,1,ricciardo,28,14,1:38.045
2024,1,ocon,28,15,1:38.372
2024,1,bottas,28,16,1:38.595
2024,1,gasly,28,17,1:38.615
2024,1,stroll,28,18,1:56.640
2024,1,hulkenberg,28,19,1:37.254
2024,1,sargeant,28,20,1:40.535
2024,1,max_verstappen,29,1,1:35.793
2024,1,perez,29,2,1:36.437
2024,1,sainz,29,3,1:36.600
2024,1,russell,29,4,1:37.066
2024,1,leclerc,29,5,1:36.963
2024,1,norris,29,6,1:37.041
2024,1,piastri,29,7,1:37.179
2024,1,hamilton,29,8,1:36.786
2024,1,alonso,29,9,1:37.104
2024,1,tsunoda,29,10,1:37.777
2024,1,kevin_magnussen,29,11,1:37.965
2024,1,albon,29,12,1:37.879
2024,1,ricciardo,29,13,1:37.960
2024,1,ocon,29,14,1:38.556
2024,1,bottas,29,15,1:38.654
2024,1,gasly,29,16,1:38.550
2024,1,zhou,29,17,1:57.076
2024,1,stroll,29,18,1:35.854
2024,1,hulkenberg,29,19,1:36.837
2024,1,sargeant,29,20,2:01.581
2024,1,max_verstappen,30,1,1:35.771
2024,1,perez,30,2,1:36.313
2024,1,sainz,30,3,1:36.337
2024,1,russell,30,4,1:37.186
2024,1,leclerc,30,5,1:37.158
2024,1,norris,30,6,1:36.986
2024,1,piastri,30,7,1:37.177
2024,1,hamilton,30,8,1:37.244
2024,1,alonso,30,9,1:36.982
2024,1,tsunoda,30,10,1:37.477
2024,1,kevin_magnussen,30,11,1:38.040
2024,1,albon,30,12,1:37.968
2024,1,ricciardo,30,13,1:37.978
2024,1,ocon,30,14,1:41.210
2024,1,gasly,30,15,1:38.832
2024,1,bottas,30,16,1:41.252
2024,1,zhou,30,17,1:35.458
2024,1,stroll,30,18,1:35.632
2024,1,hulkenberg,30,19,1:36.691
2024,1,sargeant,30,20,1:35.715
2024,1,max_verstappen,31,1,1:35.679
2024,1,perez,31,2,1:36.339
2024,1,sainz,31,3,1:36.537
2024,1,leclerc,31,4,1:37.031
2024,1,russell,31,5,1:39.405
2024,1,norris,31,6,1:37.083
2024,1,piastri,31,7,1:37.570
2024,1,hamilton,31,8,1:36.975
2024,1,alonso,31,9,1:36.957
2024,1,tsunoda,31,10,1:37.468
2024,1,kevin_magnussen,31,11,1:38.000
2024,1,albon,31,12,1:38.135
2024,1,ricciardo,31,13,1:38.154
2024,1,zhou,31,14,1:36.297
2024,1,stroll,31,15,1:36.202
2024,1,gasly,31,16,1:40.432
2024,1,hulkenberg,31,17,1:36.578
2024,1,ocon,31,18,1:59.322
2024,1,bottas,31,19,2:50.266
2024,1,sargeant,31,20,1:36.713
2024,1,max_verstappen,32,1,1:35.886
2024,1,perez,32,2,1:36.276
2024,1,sainz,32,3,1:36.762
2024,1,leclerc,32,4,1:36.941
2024,1,norris,32,5,1:37.171
2024,1,piastri,32,6,1:37.163
2024,1,hamilton,32,7,1:37.325
2024,1,alonso,32,8,1:37.056
2024,1,russell,32,9,1:57.267
2024,1,tsunoda,32,10,1:37.847
2024,1,albon,32,11,1:38.183
2024,1,ricciardo,32,12,1:38.025
2024,1,kevin_magnussen,32,13,1:40.565
2024,1,zhou,32,14,1:36.048
2024,1,stroll,32,15,1:35.821
2024,1,hulkenberg,32,16,1:36.935
2024,1,ocon,32,17,1:36.887
2024,1,gasly,32,18,1:59.770
2024,1,bottas,32,19,1:36.763
2024,1,sargeant,32,20,1:36.563
2024,1,max_verstappen,33,1,1:35.863
2024,1,perez,33,2,1:36.564
2024,1,sainz,33,3,1:36.556
2024,1,leclerc,33,4,1:36.741
2024,1,norris,33,5,1:39.626
2024,1,piastri,33,6,1:37.088
2024,1,hamilton,33,7,1:39.696
2024,1,alonso,33,8,1:37.202
2024,1,russell,33,9,1:35.838
2024,1,tsunoda,33,10,1:37.498
2024,1,albon,33,11,1:38.346
2024,1,ricciardo,33,12,1:38.150
2024,1,stroll,33,13,1:36.349
2024,1,zhou,33,14,1:37.971
2024,1,hulkenberg,33,15,1:36.784
2024,1,kevin_magnussen,33,16,1:56.655
2024,1,ocon,33,17,1:36.704
2024,1,gasly,33,18,1:36.112
2024,1,bottas,33,19,1:36.202
2024,1,sargeant,33,20,1:37.433
2024,1,max_verstappen,34,1,1:36.133
2024,1,perez,34,2,1:36.378
2024,1,sainz,34,3,1:36.551
2024,1,leclerc,34,4,1:39.614
2024,1,piastri,34,5,1:39.211
2024,1,russell,34,6,1:35.241
2024,1,alonso,34,7,1:37.601
2024,1,norris,34,8,1:56.898
2024,1,hamilton,34,9,1:54.974
2024,1,tsunoda,34,10,1:40.835
2024,1,albon,34,11,1:37.750
2024,1,ricciardo,34,12,1:38.246
2024,1,stroll,34,13,1:36.332
2024,1,zhou,34,14,1:36.518
2024,1,hulkenberg,34,15,1:36.692
2024,1,kevin_magnussen,34,16,1:35.570
2024,1,ocon,34,17,1:36.226
2024,1,gasly,34,18,1:36.622
2024,1,bottas,34,19,1:38.009
2024,1,sargeant,34,20,1:36.475
2024,1,max_verstappen,35,1,1:36.018
2024,1,perez,35,2,1:36.776
2024,1,sainz,35,3,1:39.274
2024,1,russell,35,4,1:35.772
2024,1,alonso,35,5,1:37.273
2024,1,leclerc,35,6,1:56.166
2024,1,norris,35,7,1:34.476
2024,1,hamilton,35,8,1:35.489
2024,1,piastri,35,9,1:59.703
2024,1,albon,35,10,1:37.767
2024,1,ricciardo,35,11,1:40.595
2024,1,stroll,35,12,1:36.242
2024,1,zhou,35,13,1:36.546
2024,1,hulkenberg,35,14,1:36.959
2024,1,tsunoda,35,15,1:57.417
2024,1,kevin_magnussen,35,16,1:35.698
2024,1,ocon,35,17,1:36.354
2024,1,gasly,35,18,1:36.313
2024,1,bottas,35,19,1:36.578
2024,1,sargeant,35,20,1:36.859
2024,1,max_verstappen,36,1,1:36.205
2024,1,perez,36,2,1:39.365
2024,1,sainz,36,3,1:55.620
2024,1,russell,36,4,1:35.434
2024,1,leclerc,36,5,1:34.090
2024,1,norris,36,6,1:35.690
2024,1,alonso,36,7,1:38.343
2024,1,hamilton,36,8,1:35.279
2024,1,piastri,36,9,1:35.153
2024,1,albon,36,10,1:40.333
2024,1,stroll,36,11,1:36.086
2024,1,zhou,36,12,1:36.931
2024,1,hulkenberg,36,13,1:36.795
2024,1,kevin_magnussen,36,14,1:35.851
2024,1,tsunoda,36,15,1:37.706
2024,1,ricciardo,36,16,1:56.995
2024,1,ocon,36,17,1:37.229
2024,1,gasly,36,18,1:36.450
2024,1,bottas,36,19,1:36.792
2024,1,sargeant,36,20,1:36.462
2024,1,max_verstappen,37,1,1:39.234
2024,1,perez,37,2,1:55.808
2024,1,sainz,37,3,1:35.302
2024,1,russell,37,4,1:35.481
2024,1,leclerc,37,5,1:34.897
2024,1,norris,37,6,1:35.067
2024,1,alonso,37,7,1:36.799
2024,1,hamilton,37,8,1:35.597
2024,1,piastri,37,9,1:34.774
2024,1,stroll,37,10,1:35.987
2024,1,zhou,37,11,1:36.805
2024,1,hulkenberg,37,12,1:36.723
2024,1,kevin_magnussen,37,13,1:35.741
2024,1,tsunoda,37,14,1:35.833
2024,1,ricciardo,37,15,1:35.163
2024,1,albon,37,16,1:57.632
2024,1,ocon,37,17,1:36.580
2024,1,gasly,37,18,1:36.629
2024,1,bottas,37,19,1:38.008
2024,1,sargeant,37,20,1:36.785
2024,1,max_verstappen,38,1,1:56.445
2024,1,perez,38,2,1:34.804
2024,1,sainz,38,3,1:35.100
2024,1,russell,38,4,1:35.479
2024,1,leclerc,38,5,1:34.783
2024,1,norris,38,6,1:35.149
2024,1,alonso,38,7,1:37.297
2024,1,hamilton,38,8,1:34.966
2024,1,piastri,38,9,1:35.298
2024,1,stroll,38,10,1:36.364
2024,1,zhou,38,11,1:36.857
2024,1,kevin_magnussen,38,12,1:36.042
2024,1,tsunoda,38,13,1:37.046
2024,1,hulkenberg,38,14,1:40.083
2024,1,ricciardo,38,15,1:35.460
2024,1,albon,38,16,1:36.129
2024,1,ocon,38,17,1:36.814
2024,1,gasly,38,18,1:36.802
2024,1,bottas,38,19,1:37.774
2024,1,sargeant,38,20,1:36.732
2024,1,max_verstappen,39,1,1:32.608
2024,1,perez,39,2,1:34.607
2024,1,sainz,39,3,1:34.709
2024,1,russell,39,4,1:35.204
2024,1,leclerc,39,5,1:35.087
2024,1,norris,39,6,1:34.880
2024,1,hamilton,39,7,1:34.722
2024,1,alonso,39,8,1:37.946
2024,1,piastri,39,9,1:34.983
2024,1,stroll,39,10,1:36.353
2024,1,zhou,39,11,1:36.637
2024,1,kevin_magnussen,39,12,1:35.876
2024,1,tsunoda,39,13,1:36.125
2024,1,hulkenberg,39,14,1:37.476
2024,1,ricciardo,39,15,1:35.475
2024,1,albon,39,16,1:35.856
2024,1,ocon,39,17,1:36.552
2024,1,gasly,39,18,1:36.537
2024,1,bottas,39,19,1:37.189
2024,1,sargeant,39,20,1:37.016
2024,1,max_verstappen,40,1,1:36.589
2024,1,perez,40,2,1:34.364
2024,1,sainz,40,3,1:34.739
2024,1,russell,40,4,1:35.065
2024,1,leclerc,40,5,1:34.859
2024,1,norris,40,6,1:35.276
2024,1,hamilton,40,7,1:35.041
2024,1,piastri,40,8,1:35.005
2024,1,alonso,40,9,1:38.061
2024,1,stroll,40,10,1:36.485
2024,1,zhou,40,11,1:36.683
2024,1,kevin_magnussen,40,12,1:36.071
2024,1,tsunoda,40,13,1:36.263
2024,1,hulkenberg,40,14,1:37.088
2024,1,ricciardo,40,15,1:35.578
2024,1,albon,40,16,1:35.723
2024,1,ocon,40,17,1:36.608
2024,1,gasly,40,18,1:36.742
2024,1,bottas,40,19,1:37.393
2024,1,sargeant,40,20,1:39.817
2024,1,max_verstappen,41,1,1:35.290
2024,1,perez,41,2,1:34.400
2024,1,sainz,41,3,1:35.041
2024,1,russell,41,4,1:35.093
2024,1,leclerc,41,5,1:35.028
2024,1,norris,41,6,1:35.069
2024,1,hamilton,41,7,1:34.940
2024,1,piastri,41,8,1:35.109
2024,1,alonso,41,9,1:40.261
2024,1,stroll,41,10,1:36.322
2024,1,zhou,41,11,1:36.695
2024,1,kevin_magnussen,41,12,1:36.340
2024,1,tsunoda,41,13,1:36.179
2024,1,ricciardo,41,14,1:35.644
2024,1,hulkenberg,41,15,1:39.569
2024,1,albon,41,16,1:35.885
2024,1,ocon,41,17,1:36.621
2024,1,gasly,41,18,1:36.571
2024,1,bottas,41,19,1:36.437
2024,1,sargeant,41,20,2:00.282
2024,1,max_verstappen,42,1,1:34.667
2024,1,perez,42,2,1:34.525
2024,1,sainz,42,3,1:34.861
2024,1,russell,42,4,1:35.136
2024,1,leclerc,42,5,1:34.982
2024,1,norris,42,6,1:35.165
2024,1,hamilton,42,7,1:34.996
2024,1,piastri,42,8,1:35.341
2024,1,stroll,42,9,1:36.343
2024,1,zhou,42,10,1:36.652
2024,1,alonso,42,11,1:56.899
2024,1,kevin_magnussen,42,12,1:36.310
2024,1,tsunoda,42,13,1:35.981
2024,1,ricciardo,42,14,1:35.338
2024,1,albon,42,15,1:35.799
2024,1,ocon,42,16,1:36.592
2024,1,gasly,42,17,1:36.631
2024,1,hulkenberg,42,18,1:56.108
2024,1,bottas,42,19,1:36.374
2024,1,sargeant,42,20,1:34.735
2024,1,max_verstappen,43,1,1:34.151
2024,1,perez,43,2,1:34.797
2024,1,sainz,43,3,1:34.795
2024,1,russell,43,4,1:35.193
2024,1,leclerc,43,5,1:35.192
2024,1,norris,43,6,1:35.295
2024,1,hamilton,43,7,1:34.935
2024,1,piastri,43,8,1:35.258
2024,1,stroll,43,9,1:36.304
2024,1,zhou,43,10,1:36.771
2024,1,alonso,43,11,1:35.107
2024,1,kevin_magnussen,43,12,1:36.232
2024,1,tsunoda,43,13,1:35.956
2024,1,ricciardo,43,14,1:35.560
2024,1,albon,43,15,1:35.766
2024,1,ocon,43,16,1:36.679
2024,1,gasly,43,17,1:39.291
2024,1,hulkenberg,43,18,1:35.760
2024,1,bottas,43,19,1:36.569
2024,1,sargeant,43,20,1:35.001
2024,1,max_verstappen,44,1,1:34.531
2024,1,perez,44,2,1:34.799
2024,1,sainz,44,3,1:34.507
2024,1,russell,44,4,1:35.162
2024,1,leclerc,44,5,1:35.051
2024,1,norris,44,6,1:35.346
2024,1,hamilton,44,7,1:35.169
2024,1,piastri,44,8,1:35.238
2024,1,stroll,44,9,1:36.564
2024,1,alonso,44,10,1:34.981
2024,1,zhou,44,11,1:37.417
2024,1,kevin_magnussen,44,12,1:36.249
2024,1,tsunoda,44,13,1:36.144
2024,1,ricciardo,44,14,1:35.490
2024,1,albon,44,15,1:35.783
2024,1,ocon,44,16,1:36.649
2024,1,hulkenberg,44,17,1:35.590
2024,1,gasly,44,18,1:56.481
2024,1,bottas,44,19,1:36.630
2024,1,sargeant,44,20,1:35.130
2024,1,max_verstappen,45,1,1:34.249
2024,1,perez,45,2,1:34.592
2024,1,sainz,45,3,1:34.790
2024,1,russell,45,4,1:35.276
2024,1,leclerc,45,5,1:35.220
2024,1,norris,45,6,1:35.338
2024,1,hamilton,45,7,1:35.184
2024,1,piastri,45,8,1:35.306
2024,1,stroll,45,9,1:36.243
2024,1,alonso,45,10,1:34.872
2024,1,zhou,45,11,1:36.680
2024,1,kevin_magnussen,45,12,1:36.349
2024,1,tsunoda,45,13,1:35.964
2024,1,ricciardo,45,14,1:35.570
2024,1,albon,45,15,1:35.758
2024,1,ocon,45,16,1:38.049
2024,1,hulkenberg,45,17,1:35.119
2024,1,gasly,45,18,1:34.805
2024,1,bottas,45,19,1:36.663
2024,1,sargeant,45,20,1:35.333
2024,1,max_verstappen,46,1,1:34.193
2024,1,perez,46,2,1:34.844
2024,1,sainz,46,3,1:34.853
2024,1,leclerc,46,4,1:35.058
2024,1,russell,46,5,1:36.657
2024,1,norris,46,6,1:35.371
2024,1,hamilton,46,7,1:35.285
2024,1,piastri,46,8,1:35.296
2024,1,stroll,46,9,1:36.379
2024,1,alonso,46,10,1:35.126
2024,1,zhou,46,11,1:36.741
2024,1,kevin_magnussen,46,12,1:36.446
2024,1,tsunoda,46,13,1:36.187
2024,1,ricciardo,46,14,1:35.507
2024,1,albon,46,15,1:36.008
2024,1,ocon,46,16,1:36.975
2024,1,hulkenberg,46,17,1:34.834
2024,1,gasly,46,18,1:35.293
2024,1,bottas,46,19,1:36.297
2024,1,sargeant,46,20,1:35.939
2024,1,max_verstappen,47,1,1:34.239
2024,1,perez,47,2,1:34.730
2024,1,sainz,47,3,1:34.901
2024,1,leclerc,47,4,1:35.057
2024,1,russell,47,5,1:35.805
2024,1,norris,47,6,1:35.485
2024,1,hamilton,47,7,1:35.226
2024,1,piastri,47,8,1:35.376
2024,1,stroll,47,9,1:36.298
2024,1,alonso,47,10,1:35.225
2024,1,zhou,47,11,1:36.561
2024,1,kevin_magnussen,47,12,1:36.454
2024,1,tsunoda,47,13,1:36.396
2024,1,ricciardo,47,14,1:35.831
2024,1,albon,47,15,1:36.026
2024,1,ocon,47,16,1:36.656
2024,1,hulkenberg,47,17,1:35.226
2024,1,gasly,47,18,1:35.341
2024,1,bottas,47,19,1:36.604
2024,1,sargeant,47,20,1:36.729
2024,1,max_verstappen,48,1,1:34.350
2024,1,perez,48,2,1:34.885
2024,1,sainz,48,3,1:34.981
2024,1,leclerc,48,4,1:35.308
2024,1,russell,48,5,1:36.059
2024,1,norris,48,6,1:35.717
2024,1,hamilton,48,7,1:36.165
2024,1,piastri,48,8,1:35.702
2024,1,alonso,48,9,1:34.199
2024,1,stroll,48,10,1:37.325
2024,1,zhou,48,11,1:36.654
2024,1,kevin_magnussen,48,12,1:36.679
2024,1,tsunoda,48,13,1:36.554
2024,1,ricciardo,48,14,1:36.236
2024,1,albon,48,15,1:36.135
2024,1,ocon,48,16,1:37.117
2024,1,hulkenberg,48,17,1:35.146
2024,1,gasly,48,18,1:35.411
2024,1,bottas,48,19,1:36.765
2024,1,sargeant,48,20,1:35.688
2024,1,max_verstappen,49,1,1:34.403
2024,1,perez,49,2,1:34.966
2024,1,sainz,49,3,1:35.440
2024,1,leclerc,49,4,1:35.302
2024,1,russell,49,5,1:35.954
2024,1,norris,49,6,1:35.674
2024,1,hamilton,49,7,1:35.914
2024,1,piastri,49,8,1:35.653
2024,1,alonso,49,9,1:34.571
2024,1,stroll,49,10,1:36.871
2024,1,zhou,49,11,1:36.720
2024,1,kevin_magnussen,49,12,1:36.842
2024,1,tsunoda,49,13,1:36.695
2024,1,ricciardo,49,14,1:36.442
2024,1,albon,49,15,1:37.102
2024,1,ocon,49,16,1:37.726
2024,1,hulkenberg,49,17,1:35.494
2024,1,gasly,49,18,1:35.511
2024,1,bottas,49,19,1:36.910
2024,1,sargeant,49,20,1:35.590
2024,1,max_verstappen,50,1,1:34.783
2024,1,perez,50,2,1:35.082
2024,1,sainz,50,3,1:35.142
2024,1,leclerc,50,4,1:35.383
2024,1,russell,50,5,1:36.181
2024,1,norris,50,6,1:35.657
2024,1,hamilton,50,7,1:35.612
2024,1,piastri,50,8,1:35.984
2024,1,alonso,50,9,1:34.677
2024,1,stroll,50,10,1:36.541
2024,1,zhou,50,11,1:36.792
2024,1,kevin_magnussen,50,12,1:37.035
2024,1,tsunoda,50,13,1:36.827
2024,1,ricciardo,50,14,1:36.609
2024,1,albon,50,15,1:37.616
2024,1,hulkenberg,50,16,1:35.167
2024,1,ocon,50,17,1:37.784
2024,1,gasly,50,18,1:35.228
2024,1,bottas,50,19,1:36.910
2024,1,sargeant,50,20,1:35.660
2024,1,max_verstappen,51,1,1:34.340
2024,1,perez,51,2,1:34.940
2024,1,sainz,51,3,1:35.282
2024,1,leclerc,51,4,1:35.418
2024,1,russell,51,5,1:35.852
2024,1,norris,51,6,1:36.038
2024,1,hamilton,51,7,1:35.532
2024,1,piastri,51,8,1:35.800
2024,1,alonso,51,9,1:34.916
2024,1,stroll,51,10,1:36.763
2024,1,zhou,51,11,1:37.042
2024,1,kevin_magnussen,51,12,1:36.929
2024,1,tsunoda,51,13,1:37.067
2024,1,ricciardo,51,14,1:37.103
2024,1,albon,51,15,1:37.493
2024,1,hulkenberg,51,16,1:35.529
2024,1,ocon,51,17,1:37.091
2024,1,gasly,51,18,1:35.334
2024,1,bottas,51,19,1:36.819
2024,1,sargeant,51,20,1:35.972
2024,1,max_verstappen,52,1,1:34.906
2024,1,perez,52,2,1:35.183
2024,1,sainz,52,3,1:35.083
2024,1,leclerc,52,4,1:35.394
2024,1,russell,52,5,1:36.186
2024,1,norris,52,6,1:35.922
2024,1,hamilton,52,7,1:35.479
2024,1,piastri,52,8,1:36.024
2024,1,alonso,52,9,1:34.862
2024,1,stroll,52,10,1:36.934
2024,1,zhou,52,11,1:37.394
2024,1,kevin_magnussen,52,12,1:36.930
2024,1,ricciardo,52,13,1:37.529
2024,1,tsunoda,52,14,1:39.042
2024,1,albon,52,15,1:36.218
2024,1,hulkenberg,52,16,1:35.921
2024,1,ocon,52,17,1:38.631
2024,1,gasly,52,18,1:35.511
2024,1,bottas,52,19,1:36.949
2024,1,sargeant,52,20,1:35.987
2024,1,max_verstappen,53,1,1:35.600
2024,1,perez,53,2,1:35.842
2024,1,sainz,53,3,1:35.211
2024,1,leclerc,53,4,1:35.480
2024,1,russell,53,5,1:35.979
2024,1,norris,53,6,1:35.782
2024,1,hamilton,53,7,1:35.550
2024,1,piastri,53,8,1:35.739
2024,1,alonso,53,9,1:35.249
2024,1,stroll,53,10,1:36.640
2024,1,zhou,53,11,1:37.141
2024,1,kevin_magnussen,53,12,1:37.958
2024,1,ricciardo,53,13,1:36.745
2024,1,tsunoda,53,14,1:36.838
2024,1,albon,53,15,1:36.308
2024,1,hulkenberg,53,16,1:35.994
2024,1,ocon,53,17,1:37.145
2024,1,gasly,53,18,1:35.389
2024,1,bottas,53,19,1:39.035
2024,1,sargeant,53,20,1:36.088
2024,1,max_verstappen,54,1,1:35.334
2024,1,perez,54,2,1:35.459
2024,1,sainz,54,3,1:35.309
2024,1,leclerc,54,4,1:35.265
2024,1,russell,54,5,1:36.013
2024,1,norris,54,6,1:35.934
2024,1,hamilton,54,7,1:35.974
2024,1,piastri,54,8,1:36.107
2024,1,alonso,54,9,1:35.745
2024,1,stroll,54,10,1:36.693
2024,1,zhou,54,11,1:38.389
2024,1,kevin_magnussen,54,12,1:36.890
2024,1,ricciardo,54,13,1:36.661
2024,1,tsunoda,54,14,1:36.672
2024,1,albon,54,15,1:36.334
2024,1,hulkenberg,54,16,1:35.786
2024,1,ocon,54,17,1:38.707
2024,1,gasly,54,18,1:35.853
2024,1,bottas,54,19,1:37.095
2024,1,sargeant,54,20,1:39.614
2024,1,max_verstappen,55,1,1:35.184
2024,1,perez,55,2,1:35.611
2024,1,sainz,55,3,1:35.407
2024,1,leclerc,55,4,1:35.785
2024,1,russell,55,5,1:36.151
2024,1,norris,55,6,1:36.223
2024,1,hamilton,55,7,1:35.633
2024,1,piastri,55,8,1:35.973
2024,1,alonso,55,9,1:35.066
2024,1,stroll,55,10,1:36.680
2024,1,zhou,55,11,1:37.383
2024,1,kevin_magnussen,55,12,1:37.457
2024,1,ricciardo,55,13,1:37.375
2024,1,tsunoda,55,14,1:37.269
2024,1,albon,55,15,1:36.593
2024,1,hulkenberg,55,16,1:35.736
2024,1,ocon,55,17,1:37.393
2024,1,gasly,55,18,1:35.908
2024,1,bottas,55,19,1:37.205
2024,1,sargeant,55,20,1:36.209
2024,1,max_verstappen,56,1,1:34.671
2024,1,perez,56,2,1:35.568
2024,1,sainz,56,3,1:35.305
2024,1,leclerc,56,4,1:35.924
2024,1,russell,56,5,1:36.350
2024,1,norris,56,6,1:35.976
2024,1,hamilton,56,7,1:35.706
2024,1,piastri,56,8,1:36.100
2024,1,alonso,56,9,1:35.014
2024,1,stroll,56,10,1:36.582
2024,1,zhou,56,11,1:37.333
2024,1,kevin_magnussen,56,12,1:37.584
2024,1,ricciardo,56,13,1:37.662
2024,1,tsunoda,56,14,1:37.473
2024,1,albon,56,15,1:36.922
2024,1,hulkenberg,56,16,1:35.602
2024,1,ocon,56,17,1:37.415
2024,1,gasly,56,18,1:36.086
2024,1,bottas,56,19,1:37.956
2024,1,max_verstappen,57,1,1:34.923
2024,1,perez,57,2,1:35.746
2024,1,sainz,57,3,1:35.327
2024,1,leclerc,57,4,1:36.324
2024,1,russell,57,5,1:36.440
2024,1,norris,57,6,1:36.582
2024,1,hamilton,57,7,1:36.138
2024,1,piastri,57,8,1:35.920
2024,1,alonso,57,9,1:35.276
2024,1,stroll,57,10,1:37.335
