season,round,driver_id,stop,lap,time_of_day,duration
2024,1,hulkenberg,1,1,18:05:33,36.604
2024,1,zhou,1,9,18:18:39,25.208
2024,1,stroll,1,9,18:18:42,24.418
2024,1,ocon,1,10,18:20:20,24.877
2024,1,sargeant,1,10,18:21:19,35.729
2024,1,russell,1,11,18:21:38,24.778
2024,1,leclerc,1,11,18:21:41,24.069
2024,1,kevin_magnussen,1,11,18:21:55,25.951
2024,1,perez,1,12,18:23:16,24.516
2024,1,piastri,1,12,18:23:24,25.450
2024,1,hamilton,1,12,18:23:26,25.087
2024,1,gasly,1,12,18:23:38,29.980
2024,1,bottas,1,12,18:23:42,26.420
2024,1,norris,1,13,18:25:00,24.205
2024,1,ricciardo,1,13,18:25:17,24.988
2024,1,sainz,1,14,18:26:32,24.474
2024,1,tsunoda,1,14,18:26:47,24.724
2024,1,alonso,1,15,18:28:24,24.786
2024,1,albon,1,15,18:28:29,24.681
2024,1,max_verstappen,1,17,18:31:12,25.064
2024,1,hulkenberg,2,20,18:37:08,24.768
2024,1,stroll,2,27,18:48:25,24.545
2024,1,zhou,2,28,18:49:59,25.094
2024,1,sargeant,2,28,18:51:33,25.070
2024,1,ocon,2,30,18:53:30,25.145
2024,1,bottas,2,30,18:53:32,1:14.773
2024,1,russell,2,31,18:54:21,24.866
2024,1,gasly,2,31,18:55:10,26.462
2024,1,kevin_magnussen,2,32,18:56:37,24.446
2024,1,norris,2,33,18:57:39,24.705
2024,1,hamilton,2,33,18:57:45,24.094
2024,1,leclerc,2,34,18:59:13,24.136
2024,1,piastri,2,34,18:59:20,24.852
2024,1,tsunoda,2,34,18:59:47,24.324
2024,1,sainz,2,35,19:00:38,23.866
2024,1,ricciardo,2,35,19:01:34,24.856
2024,1,perez,2,36,19:02:12,24.563
2024,1,albon,2,36,19:03:09,24.610
2024,1,max_verstappen,2,37,19:03:29,24.209
2024,1,alonso,2,41,19:10:58,25.109
2024,1,sargeant,3,40,19:11:22,25.346
2024,1,hulkenberg,3,41,19:11:29,24.387
2024,1,gasly,3,43,19:14:55,25.240
