season,round,session,driver_code,session_time_sec,x,y,status
2024,1,R,VER,962.749,-170.0,2593.0,OnTrack
2024,1,R,VER,962.949,-168.0,2633.0,OnTrack
2024,1,R,VER,963.329,-166.0,2682.0,OnTrack
2024,1,R,VER,963.629,-165.0,2704.0,OnTrack
2024,1,R,VER,963.949,-164.0,2737.0,OnTrack
2024,1,R,VER,964.049,-164.0,2746.0,OnTrack
2024,1,R,VER,964.309,-162.0,2769.0,OnTrack
2024,1,R,VER,964.569,-161.0,2802.0,OnTrack
2024,1,R,VER,964.829,-161.0,2814.0,OnTrack
2024,1,R,VER,965.109,-159.0,2838.0,OnTrack
2024,1,R,VER,965.269,-159.0,2852.0,OnTrack
2024,1,R,VER,965.469,-158.0,2868.0,OnTrack
2024,1,R,VER,965.729,-157.0,2891.0,OnTrack
2024,1,R,VER,965.969,-157.0,2911.0,OnTrack
2024,1,R,VER,966.249,-156.0,2935.0,OnTrack
2024,1,R,VER,966.428,-155.0,2950.0,OnTrack
2024,1,R,VER,966.628,-153.0,2978.0,OnTrack
2024,1,R,VER,967.088,-152.0,3008.0,OnTrack
2024,1,R,VER,967.328,-141.0,3268.0,OnTrack
2024,1,R,VER,967.528,-140.0,3291.0,OnTrack
2024,1,R,VER,967.888,-138.0,3331.0,OnTrack
2024,1,R,VER,968.208,-138.0,3347.0,OnTrack
2024,1,R,VER,968.408,-137.0,3365.0,OnTrack
2024,1,R,VER,968.989,-134.0,3422.0,OnTrack
2024,1,R,VER,969.389,-132.0,3456.0,OnTrack
2024,1,R,VER,969.569,-132.0,3471.0,OnTrack
2024,1,R,VER,969.789,-131.0,3494.0,OnTrack
2024,1,R,VER,970.109,-130.0,3519.0,OnTrack
2024,1,R,VER,970.349,-129.0,3540.0,OnTrack
2024,1,R,VER,970.509,-129.0,3554.0,OnTrack
2024,1,R,VER,970.749,-128.0,3575.0,OnTrack
2024,1,R,VER,970.969,-127.0,3594.0,OnTrack
2024,1,R,VER,971.209,-126.0,3614.0,OnTrack
2024,1,R,VER,971.589,-124.0,3647.0,OnTrack
2024,1,R,VER,971.849,-124.0,3669.0,OnTrack
2024,1,R,VER,972.009,-123.0,3683.0,OnTrack
2024,1,R,VER,972.469,-119.0,3774.0,OnTrack
2024,1,R,VER,972.869,-117.0,3808.0,OnTrack
2024,1,R,VER,973.128,-117.0,3821.0,OnTrack
2024,1,R,VER,973.348,-116.0,3840.0,OnTrack
2024,1,R,VER,973.668,-115.0,3869.0,OnTrack
2024,1,R,VER,973.848,-114.0,3886.0,OnTrack
2024,1,R,VER,974.088,-113.0,3907.0,OnTrack
2024,1,R,VER,974.228,-112.0,3931.0,OnTrack
2024,1,R,VER,974.688,-110.0,3967.0,OnTrack
2024,1,R,VER,975.028,-109.0,3992.0,OnTrack
2024,1,R,VER,975.208,-109.0,4009.0,OnTrack
2024,1,R,VER,975.429,-108.0,4030.0,OnTrack
2024,1,R,VER,975.669,-107.0,4052.0,OnTrack
2024,1,R,VER,975.829,-105.0,4079.0,OnTrack
2024,1,R,VER,976.349,-104.0,4122.0,OnTrack
2024,1,R,VER,976.729,-102.0,4156.0,OnTrack
2024,1,R,VER,977.049,-101.0,4174.0,OnTrack
2024,1,R,VER,977.369,-100.0,4213.0,OnTrack
2024,1,R,VER,977.729,-98.0,4248.0,OnTrack
2024,1,R,VER,978.109,-97.0,4269.0,OnTrack
2024,1,R,VER,978.369,-96.0,4303.0,OnTrack
2024,1,R,VER,978.749,-94.0,4338.0,OnTrack
2024,1,R,VER,979.189,-93.0,4364.0,OnTrack
2024,1,R,VER,979.289,-93.0,4373.0,OnTrack
2024,1,R,VER,979.509,-92.0,4392.0,OnTrack
2024,1,R,VER,979.848,-91.0,4422.0,OnTrack
2024,1,R,VER,980.028,-90.0,4437.0,OnTrack
2024,1,R,VER,980.248,-89.0,4458.0,OnTrack
2024,1,R,VER,980.408,-88.0,4474.0,OnTrack
2024,1,R,VER,981.428,-82.0,4622.0,OnTrack
2024,1,R,VER,981.888,-80.0,4682.0,OnTrack
2024,1,R,VER,982.349,-77.0,4744.0,OnTrack
2024,1,R,VER,982.429,-76.0,4755.0,OnTrack
2024,1,R,VER,982.609,-76.0,4777.0,OnTrack
2024,1,R,VER,982.809,-75.0,4797.0,OnTrack
2024,1,R,VER,983.209,-73.0,4844.0,OnTrack
2024,1,R,VER,983.509,-71.0,4882.0,OnTrack
2024,1,R,VER,983.869,-70.0,4912.0,OnTrack
2024,1,R,VER,984.389,-68.0,4943.0,OnTrack
2024,1,R,VER,984.549,-67.0,4969.0,OnTrack
2024,1,R,VER,984.929,-66.0,4989.0,OnTrack
2024,1,R,VER,985.089,-66.0,5003.0,OnTrack
2024,1,R,VER,985.349,-65.0,5027.0,OnTrack
2024,1,R,VER,985.589,-63.0,5062.0,OnTrack
2024,1,R,VER,986.029,-62.0,5091.0,OnTrack
2024,1,R,VER,986.208,-61.0,5109.0,OnTrack
2024,1,R,VER,986.508,-60.0,5140.0,OnTrack
2024,1,R,VER,986.768,-59.0,5168.0,OnTrack
2024,1,R,VER,986.988,-57.0,5194.0,OnTrack
2024,1,R,VER,987.208,-56.0,5222.0,OnTrack
2024,1,R,VER,987.728,-53.0,5299.0,OnTrack
2024,1,R,VER,987.888,-51.0,5339.0,OnTrack
2024,1,R,VER,988.228,-49.0,5383.0,OnTrack
2024,1,R,VER,988.528,-47.0,5451.0,OnTrack
2024,1,R,VER,988.809,-48.0,5475.0,OnTrack
2024,1,R,VER,989.129,-50.0,5534.0,OnTrack
2024,1,R,VER,989.449,-51.0,5566.0,OnTrack
2024,1,R,VER,989.649,-52.0,5597.0,OnTrack
2024,1,R,VER,989.889,-54.0,5634.0,OnTrack
2024,1,R,VER,990.209,-57.0,5692.0,OnTrack
2024,1,R,VER,990.649,-60.0,5769.0,OnTrack
2024,1,R,VER,990.949,-62.0,5810.0,OnTrack
2024,1,R,VER,991.249,-65.0,5875.0,OnTrack
2024,1,R,VER,991.649,-68.0,5937.0,OnTrack
2024,1,R,VER,991.889,-71.0,5998.0,OnTrack
2024,1,R,VER,992.269,-73.0,6057.0,OnTrack
2024,1,R,VER,992.409,-74.0,6085.0,OnTrack
2024,1,R,VER,992.768,-77.0,6160.0,OnTrack
2024,1,R,VER,993.128,-81.0,6252.0,OnTrack
2024,1,R,VER,993.468,-84.0,6328.0,OnTrack
2024,1,R,VER,993.648,-123.0,6460.0,OnTrack
2024,1,R,VER,993.928,-180.0,6556.0,OnTrack
2024,1,R,VER,994.148,-179.0,6651.0,OnTrack
2024,1,R,VER,994.588,-176.0,6726.0,OnTrack
2024,1,R,VER,994.788,-172.0,6850.0,OnTrack
2024,1,R,VER,995.148,-170.0,6937.0,OnTrack
2024,1,R,VER,995.429,-166.0,7062.0,OnTrack
2024,1,R,VER,995.829,-159.0,7289.0,OnTrack
2024,1,R,VER,996.229,-152.0,7485.0,OnTrack
2024,1,R,VER,996.529,-148.0,7574.0,OnTrack
2024,1,R,VER,996.849,-138.0,7784.0,OnTrack
2024,1,R,VER,997.269,-132.0,7891.0,OnTrack
2024,1,R,VER,997.869,-108.0,8097.0,OnTrack
2024,1,R,VER,998.129,-88.0,8169.0,OnTrack
2024,1,R,VER,998.369,-63.0,8224.0,OnTrack
2024,1,R,VER,998.649,-25.0,8277.0,OnTrack
2024,1,R,VER,998.809,-1.0,8300.0,OnTrack
2024,1,R,VER,999.009,30.0,8322.0,OnTrack
2024,1,R,VER,999.229,66.0,8339.0,OnTrack
2024,1,R,VER,999.468,105.0,8346.0,OnTrack
2024,1,R,VER,999.868,163.0,8340.0,OnTrack
2024,1,R,VER,1000.068,204.0,8324.0,OnTrack
2024,1,R,VER,1000.348,222.0,8315.0,OnTrack
2024,1,R,VER,1000.628,252.0,8296.0,OnTrack
2024,1,R,VER,1000.988,290.0,8268.0,OnTrack
2024,1,R,VER,1001.288,322.0,8240.0,OnTrack
2024,1,R,VER,1001.528,349.0,8215.0,OnTrack
2024,1,R,VER,1001.729,374.0,8190.0,OnTrack
2024,1,R,VER,1001.889,411.0,8152.0,OnTrack
2024,1,R,VER,1002.209,435.0,8127.0,OnTrack
2024,1,R,VER,1002.529,479.0,8081.0,OnTrack
2024,1,R,VER,1002.669,501.0,8058.0,OnTrack
2024,1,R,VER,1002.889,521.0,8039.0,OnTrack
2024,1,R,VER,1003.069,522.0,8038.0,OnTrack
2024,1,R,VER,1003.369,612.0,7967.0,OnTrack
2024,1,R,VER,1003.669,665.0,7936.0,OnTrack
2024,1,R,VER,1004.029,802.0,7884.0,OnTrack
2024,1,R,VER,1004.369,880.0,7869.0,OnTrack
2024,1,R,VER,1004.609,961.0,7864.0,OnTrack
2024,1,R,VER,1005.029,1114.0,7877.0,OnTrack
2024,1,R,VER,1005.209,1184.0,7887.0,OnTrack
2024,1,R,VER,1005.549,1321.0,7913.0,OnTrack
2024,1,R,VER,1005.908,1475.0,7951.0,OnTrack
2024,1,R,VER,1006.088,1553.0,7976.0,OnTrack
2024,1,R,VER,1006.308,1666.0,8013.0,OnTrack
2024,1,R,VER,1006.608,1805.0,8051.0,OnTrack
2024,1,R,VER,1006.868,1942.0,8068.0,OnTrack
2024,1,R,VER,1007.128,2132.0,8070.0,OnTrack
2024,1,R,VER,1007.488,2293.0,8062.0,OnTrack
2024,1,R,VER,1007.668,2410.0,8052.0,OnTrack
2024,1,R,VER,1007.828,2506.0,8041.0,OnTrack
2024,1,R,VER,1008.208,2735.0,8004.0,OnTrack
2024,1,R,VER,1008.409,2871.0,7977.0,OnTrack
2024,1,R,VER,1008.689,3046.0,7940.0,OnTrack
2024,1,R,VER,1008.989,3236.0,7902.0,OnTrack
2024,1,R,VER,1009.229,3379.0,7874.0,OnTrack
2024,1,R,VER,1009.569,3604.0,7828.0,OnTrack
2024,1,R,VER,1009.629,3644.0,7820.0,OnTrack
2024,1,R,VER,1009.869,3806.0,7787.0,OnTrack
2024,1,R,VER,1010.029,3915.0,7765.0,OnTrack
2024,1,R,VER,1010.349,4135.0,7720.0,OnTrack
2024,1,R,VER,1010.609,4317.0,7684.0,OnTrack
2024,1,R,VER,1010.969,4569.0,7633.0,OnTrack
2024,1,R,VER,1011.149,4796.0,7588.0,OnTrack
2024,1,R,VER,1011.569,4996.0,7549.0,OnTrack
2024,1,R,VER,1011.769,5141.0,7521.0,OnTrack
2024,1,R,VER,1012.029,5418.0,7467.0,OnTrack
2024,1,R,VER,1012.309,5536.0,7445.0,OnTrack
2024,1,R,VER,1012.588,5742.0,7407.0,OnTrack
2024,1,R,VER,1012.768,5875.0,7382.0,OnTrack
2024,1,R,VER,1013.088,6111.0,7339.0,OnTrack
2024,1,R,VER,1013.268,6246.0,7314.0,OnTrack
2024,1,R,VER,1013.428,6367.0,7292.0,OnTrack
2024,1,R,VER,1013.608,6489.0,7270.0,OnTrack
2024,1,R,VER,1013.828,6625.0,7245.0,OnTrack
2024,1,R,VER,1014.028,6739.0,7225.0,OnTrack
2024,1,R,VER,1014.268,6902.0,7194.0,OnTrack
2024,1,R,VER,1014.548,6995.0,7175.0,OnTrack
2024,1,R,VER,1014.889,7139.0,7133.0,OnTrack
2024,1,R,VER,1015.069,7200.0,7108.0,OnTrack
2024,1,R,VER,1015.249,7257.0,7080.0,OnTrack
2024,1,R,VER,1015.509,7325.0,7040.0,OnTrack
2024,1,R,VER,1015.709,7375.0,7002.0,OnTrack
2024,1,R,VER,1015.929,7430.0,6947.0,OnTrack
2024,1,R,VER,1016.309,7487.0,6822.0,OnTrack
2024,1,R,VER,1016.649,7495.0,6764.0,OnTrack
2024,1,R,VER,1016.849,7496.0,6706.0,OnTrack
2024,1,R,VER,1017.069,7492.0,6642.0,OnTrack
2024,1,R,VER,1017.389,7473.0,6551.0,OnTrack
2024,1,R,VER,1017.609,7452.0,6488.0,OnTrack
2024,1,R,VER,1017.909,7411.0,6403.0,OnTrack
2024,1,R,VER,1018.109,7376.0,6348.0,OnTrack
2024,1,R,VER,1018.429,7293.0,6248.0,OnTrack
2024,1,R,VER,1018.669,7261.0,6216.0,OnTrack
2024,1,R,VER,1018.988,7139.0,6109.0,OnTrack
2024,1,R,VER,1019.388,7026.0,6025.0,OnTrack
2024,1,R,VER,1019.608,6941.0,5966.0,OnTrack
2024,1,R,VER,1019.968,6794.0,5864.0,OnTrack
2024,1,R,VER,1020.248,6613.0,5731.0,OnTrack
2024,1,R,VER,1020.508,6560.0,5690.0,OnTrack
2024,1,R,VER,1020.768,6444.0,5598.0,OnTrack
2024,1,R,VER,1021.068,6251.0,5423.0,OnTrack
2024,1,R,VER,1021.408,6167.0,5333.0,OnTrack
2024,1,R,VER,1021.689,6056.0,5200.0,OnTrack
2024,1,R,VER,1021.889,5923.0,5020.0,OnTrack
2024,1,R,VER,1022.289,5796.0,4822.0,OnTrack
2024,1,R,VER,1022.629,5724.0,4702.0,OnTrack
2024,1,R,VER,1022.949,5596.0,4514.0,OnTrack
2024,1,R,VER,1023.249,5519.0,4427.0,OnTrack
2024,1,R,VER,1023.509,5421.0,4340.0,OnTrack
2024,1,R,VER,1023.789,5307.0,4266.0,OnTrack
2024,1,R,VER,1023.809,5298.0,4261.0,OnTrack
2024,1,R,VER,1024.089,5174.0,4213.0,OnTrack
2024,1,R,VER,1024.409,5023.0,4189.0,OnTrack
2024,1,R,VER,1024.769,4844.0,4185.0,OnTrack
2024,1,R,VER,1024.969,4672.0,4189.0,OnTrack
2024,1,R,VER,1025.389,4525.0,4188.0,OnTrack
2024,1,R,VER,1025.608,4381.0,4176.0,OnTrack
2024,1,R,VER,1026.028,4188.0,4132.0,OnTrack
2024,1,R,VER,1026.228,4012.0,4062.0,OnTrack
2024,1,R,VER,1026.628,3884.0,3990.0,OnTrack
2024,1,R,VER,1026.988,3720.0,3864.0,OnTrack
2024,1,R,VER,1027.188,3636.0,3778.0,OnTrack
2024,1,R,VER,1027.428,3543.0,3664.0,OnTrack
2024,1,R,VER,1027.668,3456.0,3542.0,OnTrack
2024,1,R,VER,1028.049,3319.0,3325.0,OnTrack
2024,1,R,VER,1028.329,3190.0,3106.0,OnTrack
2024,1,R,VER,1028.749,3107.0,2968.0,OnTrack
2024,1,R,VER,1028.849,3078.0,2923.0,OnTrack
2024,1,R,VER,1029.029,3040.0,2866.0,OnTrack
2024,1,R,VER,1029.249,2980.0,2783.0,OnTrack
2024,1,R,VER,1029.529,2910.0,2694.0,OnTrack
2024,1,R,VER,1029.709,2869.0,2643.0,OnTrack
2024,1,R,VER,1029.989,2799.0,2567.0,OnTrack
2024,1,R,VER,1030.389,2685.0,2488.0,OnTrack
2024,1,R,VER,1030.689,2645.0,2473.0,OnTrack
2024,1,R,VER,1030.929,2588.0,2459.0,OnTrack
2024,1,R,VER,1031.149,2537.0,2456.0,OnTrack
2024,1,R,VER,1031.449,2475.0,2471.0,OnTrack
2024,1,R,VER,1031.629,2443.0,2492.0,OnTrack
2024,1,R,VER,1031.889,2405.0,2532.0,OnTrack
2024,1,R,VER,1032.088,2373.0,2583.0,OnTrack
2024,1,R,VER,1032.368,2353.0,2621.0,OnTrack
2024,1,R,VER,1032.628,2330.0,2675.0,OnTrack
2024,1,R,VER,1032.908,2310.0,2737.0,OnTrack
2024,1,R,VER,1033.068,2301.0,2775.0,OnTrack
2024,1,R,VER,1033.228,2295.0,2816.0,OnTrack
2024,1,R,VER,1033.488,2289.0,2916.0,OnTrack
2024,1,R,VER,1033.848,2291.0,2996.0,OnTrack
2024,1,R,VER,1034.088,2303.0,3117.0,OnTrack
2024,1,R,VER,1034.428,2314.0,3200.0,OnTrack
2024,1,R,VER,1034.749,2337.0,3336.0,OnTrack
2024,1,R,VER,1034.969,2366.0,3476.0,OnTrack
2024,1,R,VER,1035.289,2386.0,3569.0,OnTrack
2024,1,R,VER,1035.569,2432.0,3780.0,OnTrack
2024,1,R,VER,1036.049,2478.0,3993.0,OnTrack
2024,1,R,VER,1036.309,2502.0,4105.0,OnTrack
2024,1,R,VER,1036.689,2563.0,4357.0,OnTrack
2024,1,R,VER,1036.989,2595.0,4500.0,OnTrack
2024,1,R,VER,1037.169,2619.0,4610.0,OnTrack
2024,1,R,VER,1037.429,2666.0,4848.0,OnTrack
2024,1,R,VER,1037.889,2704.0,5067.0,OnTrack
2024,1,R,VER,1038.069,2722.0,5186.0,OnTrack
2024,1,R,VER,1038.289,2748.0,5426.0,OnTrack
2024,1,R,VER,1038.609,2753.0,5532.0,OnTrack
2024,1,R,VER,1039.088,2734.0,5834.0,OnTrack
2024,1,R,VER,1039.288,2706.0,5951.0,OnTrack
2024,1,R,VER,1039.488,2670.0,6060.0,OnTrack
2024,1,R,VER,1039.708,2591.0,6233.0,OnTrack
2024,1,R,VER,1040.148,2474.0,6399.0,OnTrack
2024,1,R,VER,1040.448,2428.0,6448.0,OnTrack
2024,1,R,VER,1040.748,2343.0,6522.0,OnTrack
2024,1,R,VER,1040.928,2293.0,6556.0,OnTrack
2024,1,R,VER,1041.068,2254.0,6577.0,OnTrack
2024,1,R,VER,1041.389,2132.0,6614.0,OnTrack
2024,1,R,VER,1041.749,2076.0,6611.0,OnTrack
2024,1,R,VER,1041.909,2046.0,6603.0,OnTrack
2024,1,R,VER,1042.089,2010.0,6584.0,OnTrack
2024,1,R,VER,1042.469,1953.0,6527.0,OnTrack
2024,1,R,VER,1042.629,1936.0,6498.0,OnTrack
2024,1,R,VER,1042.889,1914.0,6450.0,OnTrack
2024,1,R,VER,1043.109,1892.0,6388.0,OnTrack
2024,1,R,VER,1043.489,1872.0,6307.0,OnTrack
2024,1,R,VER,1043.809,1862.0,6257.0,OnTrack
2024,1,R,VER,1044.069,1847.0,6163.0,OnTrack
2024,1,R,VER,1044.489,1842.0,6127.0,OnTrack
2024,1,R,VER,1044.669,1834.0,6068.0,OnTrack
2024,1,R,VER,1044.969,1822.0,5961.0,OnTrack
2024,1,R,VER,1045.169,1811.0,5858.0,OnTrack
2024,1,R,VER,1045.488,1800.0,5747.0,OnTrack
2024,1,R,VER,1045.748,1790.0,5627.0,OnTrack
2024,1,R,VER,1045.988,1780.0,5510.0,OnTrack
2024,1,R,VER,1046.028,1779.0,5490.0,OnTrack
2024,1,R,VER,1046.328,1764.0,5270.0,OnTrack
2024,1,R,VER,1046.848,1751.0,5046.0,OnTrack
2024,1,R,VER,1047.048,1744.0,4930.0,OnTrack
2024,1,R,VER,1047.208,1739.0,4834.0,OnTrack
2024,1,R,VER,1047.408,1728.0,4652.0,OnTrack
2024,1,R,VER,1047.789,1718.0,4463.0,OnTrack
2024,1,R,VER,1048.089,1709.0,4270.0,OnTrack
2024,1,R,VER,1048.289,1702.0,4112.0,OnTrack
2024,1,R,VER,1048.549,1696.0,3977.0,OnTrack
2024,1,R,VER,1048.889,1683.0,3718.0,OnTrack
2024,1,R,VER,1049.309,1670.0,3452.0,OnTrack
2024,1,R,VER,1049.509,1661.0,3252.0,OnTrack
2024,1,R,VER,1049.769,1655.0,3123.0,OnTrack
2024,1,R,VER,1049.969,1649.0,2978.0,OnTrack
2024,1,R,VER,1050.209,1641.0,2802.0,OnTrack
2024,1,R,VER,1050.469,1628.0,2506.0,OnTrack
2024,1,R,VER,1050.909,1617.0,2281.0,OnTrack
2024,1,R,VER,1051.189,1607.0,2079.0,OnTrack
2024,1,R,VER,1051.369,1598.0,1883.0,OnTrack
2024,1,R,VER,1051.669,1589.0,1716.0,OnTrack
2024,1,R,VER,1052.008,1577.0,1459.0,OnTrack
2024,1,R,VER,1052.468,1559.0,1110.0,OnTrack
2024,1,R,VER,1052.628,1553.0,988.0,OnTrack
2024,1,R,VER,1052.848,1542.0,790.0,OnTrack
2024,1,R,VER,1053.208,1525.0,485.0,OnTrack
2024,1,R,VER,1053.588,1518.0,306.0,OnTrack
2024,1,R,VER,1053.808,1517.0,177.0,OnTrack
2024,1,R,VER,1054.188,1529.0,-25.0,OnTrack
2024,1,R,VER,1054.429,1550.0,-151.0,OnTrack
2024,1,R,VER,1054.689,1596.0,-310.0,OnTrack
2024,1,R,VER,1055.089,1649.0,-414.0,OnTrack
2024,1,R,VER,1055.329,1713.0,-488.0,OnTrack
2024,1,R,VER,1055.489,1765.0,-529.0,OnTrack
2024,1,R,VER,1055.789,1876.0,-590.0,OnTrack
2024,1,R,VER,1055.969,1968.0,-627.0,OnTrack
2024,1,R,VER,1056.269,2062.0,-654.0,OnTrack
2024,1,R,VER,1056.569,2186.0,-670.0,OnTrack
2024,1,R,VER,1056.769,2339.0,-660.0,OnTrack
2024,1,R,VER,1057.129,2441.0,-637.0,OnTrack
2024,1,R,VER,1057.409,2619.0,-572.0,OnTrack
2024,1,R,VER,1057.829,2785.0,-479.0,OnTrack
2024,1,R,VER,1058.189,2914.0,-379.0,OnTrack
2024,1,R,VER,1058.468,3079.0,-206.0,OnTrack
2024,1,R,VER,1058.788,3142.0,-122.0,OnTrack
2024,1,R,VER,1059.008,3213.0,-10.0,OnTrack
2024,1,R,VER,1059.248,3307.0,177.0,OnTrack
2024,1,R,VER,1059.608,3372.0,328.0,OnTrack
2024,1,R,VER,1059.948,3450.0,533.0,OnTrack
2024,1,R,VER,1060.308,3546.0,750.0,OnTrack
2024,1,R,VER,1060.508,3655.0,935.0,OnTrack
2024,1,R,VER,1060.828,3733.0,1047.0,OnTrack
2024,1,R,VER,1061.129,3874.0,1210.0,OnTrack
2024,1,R,VER,1061.209,3914.0,1249.0,OnTrack
2024,1,R,VER,1061.489,4065.0,1366.0,OnTrack
2024,1,R,VER,1061.729,4194.0,1440.0,OnTrack
2024,1,R,VER,1061.969,4405.0,1531.0,OnTrack
2024,1,R,VER,1062.229,4506.0,1564.0,OnTrack
2024,1,R,VER,1062.469,4661.0,1599.0,OnTrack
2024,1,R,VER,1062.829,4939.0,1613.0,OnTrack
2024,1,R,VER,1063.209,5151.0,1580.0,OnTrack
2024,1,R,VER,1063.489,5331.0,1521.0,OnTrack
2024,1,R,VER,1063.869,5560.0,1417.0,OnTrack
2024,1,R,VER,1064.029,5657.0,1368.0,OnTrack
2024,1,R,VER,1064.229,5783.0,1305.0,OnTrack
2024,1,R,VER,1064.469,5928.0,1236.0,OnTrack
2024,1,R,VER,1064.689,6129.0,1139.0,OnTrack
2024,1,R,VER,1065.088,6302.0,1044.0,OnTrack
2024,1,R,VER,1065.348,6369.0,998.0,OnTrack
2024,1,R,VER,1065.548,6445.0,939.0,OnTrack
2024,1,R,VER,1065.908,6577.0,790.0,OnTrack
2024,1,R,VER,1066.368,6636.0,656.0,OnTrack
2024,1,R,VER,1066.428,6642.0,633.0,OnTrack
2024,1,R,VER,1066.808,6665.0,486.0,OnTrack
2024,1,R,VER,1067.028,6665.0,404.0,OnTrack
2024,1,R,VER,1067.328,6646.0,296.0,OnTrack
2024,1,R,VER,1067.488,6627.0,241.0,OnTrack
2024,1,R,VER,1067.809,6538.0,85.0,OnTrack
2024,1,R,VER,1068.129,6498.0,37.0,OnTrack
2024,1,R,VER,1068.369,6430.0,-32.0,OnTrack
2024,1,R,VER,1068.589,6338.0,-111.0,OnTrack
2024,1,R,VER,1068.989,6210.0,-200.0,OnTrack
2024,1,R,VER,1069.229,6107.0,-260.0,OnTrack
2024,1,R,VER,1069.629,5921.0,-359.0,OnTrack
2024,1,R,VER,1069.809,5834.0,-405.0,OnTrack
2024,1,R,VER,1070.069,5663.0,-494.0,OnTrack
2024,1,R,VER,1070.369,5548.0,-554.0,OnTrack
2024,1,R,VER,1070.569,5440.0,-610.0,OnTrack
2024,1,R,VER,1070.909,5218.0,-726.0,OnTrack
2024,1,R,VER,1071.269,5047.0,-818.0,OnTrack
2024,1,R,VER,1071.409,4966.0,-861.0,OnTrack
2024,1,R,VER,1071.768,4753.0,-976.0,OnTrack
2024,1,R,VER,1072.028,4596.0,-1062.0,OnTrack
2024,1,R,VER,1072.288,4438.0,-1149.0,OnTrack
2024,1,R,VER,1072.448,4339.0,-1204.0,OnTrack
2024,1,R,VER,1072.728,4164.0,-1301.0,OnTrack
2024,1,R,VER,1072.948,4025.0,-1378.0,OnTrack
2024,1,R,VER,1073.148,3808.0,-1498.0,OnTrack
2024,1,R,VER,1073.588,3536.0,-1650.0,OnTrack
2024,1,R,VER,1073.908,3404.0,-1724.0,OnTrack
2024,1,R,VER,1074.169,3218.0,-1827.0,OnTrack
2024,1,R,VER,1074.389,3070.0,-1910.0,OnTrack
2024,1,R,VER,1074.449,3029.0,-1932.0,OnTrack
2024,1,R,VER,1074.809,2786.0,-2068.0,OnTrack
2024,1,R,VER,1075.049,2567.0,-2190.0,OnTrack
2024,1,R,VER,1075.289,2457.0,-2251.0,OnTrack
2024,1,R,VER,1075.649,2140.0,-2428.0,OnTrack
2024,1,R,VER,1076.009,1962.0,-2528.0,OnTrack
2024,1,R,VER,1076.229,1810.0,-2613.0,OnTrack
2024,1,R,VER,1076.409,1687.0,-2683.0,OnTrack
2024,1,R,VER,1076.809,1412.0,-2839.0,OnTrack
2024,1,R,VER,1077.249,1115.0,-3010.0,OnTrack
2024,1,R,VER,1077.509,945.0,-3107.0,OnTrack
2024,1,R,VER,1077.769,795.0,-3191.0,OnTrack
2024,1,R,VER,1078.008,658.0,-3269.0,OnTrack
2024,1,R,VER,1078.368,474.0,-3369.0,OnTrack
2024,1,R,VER,1078.708,321.0,-3440.0,OnTrack
2024,1,R,VER,1078.968,204.0,-3476.0,OnTrack
2024,1,R,VER,1079.368,53.0,-3499.0,OnTrack
2024,1,R,VER,1079.488,8.0,-3501.0,OnTrack
2024,1,R,VER,1079.788,-141.0,-3475.0,OnTrack
2024,1,R,VER,1080.088,-189.0,-3451.0,OnTrack
2024,1,R,VER,1080.308,-249.0,-3405.0,OnTrack
2024,1,R,VER,1080.568,-311.0,-3340.0,OnTrack
2024,1,R,VER,1080.749,-353.0,-3287.0,OnTrack
2024,1,R,VER,1080.909,-384.0,-3242.0,OnTrack
2024,1,R,VER,1081.189,-434.0,-3159.0,OnTrack
2024,1,R,VER,1081.429,-469.0,-3087.0,OnTrack
2024,1,R,VER,1081.629,-511.0,-2978.0,OnTrack
2024,1,R,VER,1081.989,-539.0,-2873.0,OnTrack
2024,1,R,VER,1082.229,-559.0,-2766.0,OnTrack
2024,1,R,VER,1082.489,-572.0,-2642.0,OnTrack
2024,1,R,LEC,1076.809,-149.0,3080.0,OnTrack
2024,1,R,LEC,1077.249,-147.0,3138.0,OnTrack
2024,1,R,LEC,1077.509,-145.0,3174.0,OnTrack
2024,1,R,LEC,1077.769,-144.0,3205.0,OnTrack
2024,1,R,LEC,1078.008,-142.0,3237.0,OnTrack
2024,1,R,LEC,1078.368,-140.0,3284.0,OnTrack
2024,1,R,LEC,1078.708,-138.0,3330.0,OnTrack
2024,1,R,LEC,1078.968,-137.0,3369.0,OnTrack
2024,1,R,LEC,1079.368,-134.0,3424.0,OnTrack
2024,1,R,LEC,1079.488,-133.0,3442.0,OnTrack
2024,1,R,LEC,1079.788,-122.0,3700.0,OnTrack
2024,1,R,LEC,1080.088,-121.0,3724.0,OnTrack
2024,1,R,LEC,1080.308,-120.0,3759.0,OnTrack
2024,1,R,LEC,1080.568,-118.0,3800.0,OnTrack
2024,1,R,LEC,1080.749,-116.0,3831.0,OnTrack
2024,1,R,LEC,1080.909,-115.0,3856.0,OnTrack
2024,1,R,LEC,1081.189,-113.0,3898.0,OnTrack
2024,1,R,LEC,1081.429,-112.0,3930.0,OnTrack
2024,1,R,LEC,1081.629,-110.0,3972.0,OnTrack
2024,1,R,LEC,1081.989,-109.0,4008.0,OnTrack
2024,1,R,LEC,1082.229,-107.0,4040.0,OnTrack
2024,1,R,LEC,1082.489,-106.0,4073.0,OnTrack
