season,round,session,session_time_sec,category,flag,scope,sector,message,driver_number,driver_code,lap
2024,1,R,178.569,Other,,,,PINK HEAD PADDING MATERIAL MUST BE USED,,,1
2024,1,R,978.569,Flag,GREEN,Track,,GREEN LIGHT - PIT EXIT OPEN,,,1
2024,1,R,1578.569,Other,,,,PIT EXIT CLOSED,,,1
2024,1,R,2506.569,Other,,,,RISK OF RAIN FOR F1 RACE IS 0%,,,1
2024,1,R,3201.569,Drs,,,,DRS DISABLED,,,1
2024,1,R,3599.569,Flag,GREEN,Track,,GREEN LIGHT - PIT EXIT OPEN,,,1
2024,1,R,3616.569,Flag,DOUBLE YELLOW,Sector,2,DOUBLE YELLOW IN TRACK SECTOR 2,,,1
2024,1,R,3620.569,Flag,CLEAR,Sector,2,CLEAR IN TRACK SECTOR 2,,,1
2024,1,R,3646.569,Flag,DOUBLE YELLOW,Sector,2,DOUBLE YELLOW IN TRACK SECTOR 2,,,1
2024,1,R,3653.569,Flag,CLEAR,Sector,2,CLEAR IN TRACK SECTOR 2,,,1
2024,1,R,3700.569,Drs,,,,DRS ENABLED,,,2
2024,1,R,3715.569,CarEvent,,,,CAR 18 (STR) SPUN AND CONTINUED AT TURN 1,18,STR,2
2024,1,R,3721.569,Other,,,,TRACK SURFACE SLIPPERY IN TRACK SECTOR 4,,,2
2024,1,R,3732.569,Flag,CLEAR,Sector,4,CLEAR IN TRACK SECTOR 4,,,2
2024,1,R,3780.569,Other,,,,TURN 1 INCIDENT INVOLVING CARS 18 (STR) AND 27 (HUL) NOTED - CAUSING A COLLISION,,,2
2024,1,R,3899.569,Other,,,,FIA STEWARDS: TURN 1 INCIDENT INVOLVING CARS 18 (STR) AND 27 (HUL) REVIEWED NO FURTHER INVESTIGATION - CAUSING A COLLISION,,,4
2024,1,R,4055.569,Other,,,,CAR 4 (NOR) TIME 1:37.787 DELETED - TRACK LIMITS AT TURN 15 LAP 3 18:08:35,,,5
2024,1,R,4056.569,Other,,,,CAR 4 (NOR) TIME 1:37.450 DELETED - TRACK LIMITS AT TURN 15 (NEXT LAP),,,5
2024,1,R,4162.569,Other,,,,CAR 16 (LEC) TIME 1:37.752 DELETED - TRACK LIMITS AT TURN 10 LAP 4 18:09:29,,,6
2024,1,R,4524.569,Flag,YELLOW,Sector,4,YELLOW IN TRACK SECTOR 4,,,10
2024,1,R,4525.569,Other,,,,DRS DISABLED IN ZONE 1,,,10
2024,1,R,4575.569,Flag,CLEAR,Sector,4,CLEAR IN TRACK SECTOR 4,,,11
2024,1,R,4575.569,Other,,,,DRS ENABLED IN ZONE 1,,,11
2024,1,R,4577.569,CarEvent,,,,CAR 2 (SAR) OFF TRACK AND CONTINUED AT TURN 4,2,SAR,11
2024,1,R,4697.569,Flag,BLUE,Driver,,WAVED BLUE FLAG FOR CAR 2 (SAR) TIMED AT 18:21:59,2,SAR,12
2024,1,R,4889.569,Other,,,,CAR 22 (TSU) TIME 1:38.912 DELETED - TRACK LIMITS AT TURN 4 LAP 10 18:19:02,,,14
2024,1,R,4960.569,Flag,BLUE,Driver,,WAVED BLUE FLAG FOR CAR 2 (SAR) TIMED AT 18:26:22,2,SAR,15
2024,1,R,4998.569,Flag,BLUE,Driver,,WAVED BLUE FLAG FOR CAR 2 (SAR) TIMED AT 18:27:01,2,SAR,15
2024,1,R,5184.569,Flag,BLUE,Driver,,WAVED BLUE FLAG FOR CAR 2 (SAR) TIMED AT 18:30:07,2,SAR,17
2024,1,R,5206.569,Flag,BLUE,Driver,,WAVED BLUE FLAG FOR CAR 2 (SAR) TIMED AT 18:30:28,2,SAR,17
2024,1,R,5363.569,Flag,BLUE,Driver,,WAVED BLUE FLAG FOR CAR 2 (SAR) TIMED AT 18:33:06,2,SAR,18
2024,1,R,6040.569,Flag,BLUE,Driver,,WAVED BLUE FLAG FOR CAR 2 (SAR) TIMED AT 18:44:22,2,SAR,26
2024,1,R,6403.569,Other,,,,CAR 22 (TSU) TIME 1:38.083 DELETED - TRACK LIMITS AT TURN 13 LAP 27 18:48:03,,,29
2024,1,R,6417.569,Other,,,,CAR 44 (HAM) TIME 1:37.201 DELETED - TRACK LIMITS AT TURN 10 LAP 27 18:47:21,,,29
2024,1,R,6523.569,Flag,BLUE,Driver,,WAVED BLUE FLAG FOR CAR 2 (SAR) TIMED AT 18:52:25,2,SAR,31
2024,1,R,6554.569,Flag,BLUE,Driver,,WAVED BLUE FLAG FOR CAR 2 (SAR) TIMED AT 18:52:56,2,SAR,31
2024,1,R,6865.569,Flag,BLUE,Driver,,WAVED BLUE FLAG FOR CAR 77 (BOT) TIMED AT 18:58:08,77,BOT,34
2024,1,R,6949.569,Flag,BLUE,Driver,,WAVED BLUE FLAG FOR CAR 77 (BOT) TIMED AT 18:59:32,77,BOT,35
2024,1,R,7185.569,Flag,BLUE,Driver,,WAVED BLUE FLAG FOR CAR 77 (BOT) TIMED AT 19:03:27,77,BOT,37
2024,1,R,7320.569,Flag,BLUE,Driver,,WAVED BLUE FLAG FOR CAR 77 (BOT) TIMED AT 19:05:43,77,BOT,39
2024,1,R,7347.569,Other,,,,CAR 81 (PIA) TIME 1:34.774 DELETED - TRACK LIMITS AT TURN 15 LAP 37 19:04:27,,,39
2024,1,R,7348.569,Other,,,,CAR 81 (PIA) TIME 1:35.298 DELETED - TRACK LIMITS AT TURN 15 (NEXT LAP),,,39
2024,1,R,7693.569,Flag,BLUE,Driver,,WAVED BLUE FLAG FOR CAR 2 (SAR) TIMED AT 19:11:55,2,SAR,43
2024,1,R,7867.569,Flag,BLUE,Driver,,WAVED BLUE FLAG FOR CAR 10 (GAS) TIMED AT 19:14:49,10,GAS,44
2024,1,R,8000.569,Other,,,,CAR 10 (GAS) TIME 1:56.481 DELETED - TRACK LIMITS AT TURN 4 LAP 44 19:15:47,,,46
2024,1,R,8004.569,Flag,BLUE,Driver,,WAVED BLUE FLAG FOR CAR 31 (OCO) TIMED AT 19:17:07,31,OCO,46
2024,1,R,8096.569,Other,,,,CAR 63 (RUS) TIME 1:36.657 DELETED - TRACK LIMITS AT TURN 10 LAP 46 19:17:53,,,47
2024,1,R,8123.569,Other,,,,CAR 1 (VER) TIME 1:34.193 DELETED - TRACK LIMITS AT TURN 4 LAP 46 19:16:58,,,47
2024,1,R,8226.569,Other,,,,CAR 44 (HAM) TIME 1:35.226 DELETED - TRACK LIMITS AT TURN 4 LAP 47 19:19:13,,,48
2024,1,R,8279.569,Other,,,,CAR 23 (ALB) TIME 1:36.026 DELETED - TRACK LIMITS AT TURN 4 LAP 47 19:20:01,,,49
2024,1,R,8360.569,Flag,BLUE,Driver,,WAVED BLUE FLAG FOR CAR 2 (SAR) TIMED AT 19:23:03,2,SAR,50
2024,1,R,8406.569,Flag,BLUE,Driver,,WAVED BLUE FLAG FOR CAR 23 (ALB) TIMED AT 19:23:48,23,ALB,50
2024,1,R,8449.569,Other,,,,CAR 23 (ALB) TIME 1:37.102 DELETED - TRACK LIMITS AT TURN 10 LAP 49 19:23:50,,,51
2024,1,R,8492.569,Other,,,,CAR 81 (PIA) TIME 1:35.984 DELETED - TRACK LIMITS AT TURN 4 LAP 50 19:24:04,,,51
2024,1,R,8663.569,Flag,BLUE,Driver,,WAVED BLUE FLAG FOR CAR 22 (TSU) TIMED AT 19:28:05,22,TSU,53
2024,1,R,8681.569,Flag,BLUE,Driver,,WAVED BLUE FLAG FOR CAR 3 (RIC) TIMED AT 19:28:24,3,RIC,53
2024,1,R,8699.569,Other,,,,CAR 3 (RIC) TIME 1:37.103 DELETED - TRACK LIMITS AT TURN 13 LAP 51 19:27:11,,,53
2024,1,R,8701.569,Flag,BLUE,Driver,,WAVED BLUE FLAG FOR CAR 31 (OCO) TIMED AT 19:28:44,31,OCO,53
2024,1,R,8751.569,Flag,BLUE,Driver,,WAVED BLUE FLAG FOR CAR 20 (MAG) TIMED AT 19:29:33,20,MAG,54
2024,1,R,8833.569,Flag,BLUE,Driver,,WAVED BLUE FLAG FOR CAR 24 (ZHO) TIMED AT 19:30:55,24,ZHO,55
2024,1,R,8842.569,Flag,BLUE,Driver,,WAVED BLUE FLAG FOR CAR 31 (OCO) TIMED AT 19:31:05,31,OCO,55
2024,1,R,8855.569,Flag,BLUE,Driver,,WAVED BLUE FLAG FOR CAR 77 (BOT) TIMED AT 19:31:17,77,BOT,55
2024,1,R,8939.569,Flag,BLUE,Driver,,WAVED BLUE FLAG FOR CAR 2 (SAR) TIMED AT 19:32:41,2,SAR,56
2024,1,R,9029.569,Other,,,,CAR 3 (RIC) TIME 1:37.375 DELETED - TRACK LIMITS AT TURN 4 LAP 55 19:32:49,,,57
2024,1,R,9045.569,Other,,,,CAR 10 (GAS) TIME 1:35.908 DELETED - TRACK LIMITS AT TURN 4 LAP 55 19:33:15,,,57
2024,1,R,9103.569,Flag,CHEQUERED,Track,,CHEQUERED FLAG,,,57
2024,1,R,9130.569,Other,,,,CAR 3 (RIC) TIME 1:37.662 DELETED - TRACK LIMITS AT TURN 4 LAP 56 19:34:27,,,57
2024,1,R,9138.569,Flag,BLACK AND WHITE,Driver,,BLACK AND WHITE FLAG FOR CAR 3 (RIC) - TRACK LIMITS,3,RIC,57
2024,1,R,9295.569,Other,,,,CAR 4 (NOR) TIME 1:35.976 DELETED - TRACK LIMITS AT TURN 13 LAP 56 19:34:20,,,57
