season,round,session,session_time_sec,driver_number,driver_code,recording_url,transcript
2024,1,R,606.009,22,TSU,https://livetiming.formula1.com/static/2024/2024-03-02_Bahrain_Grand_Prix/2024-03-02_Race/TeamRadio/YUKTSU01_22_20240302_141124.mp3,
2024,1,R,1084.852,10,GAS,https://livetiming.formula1.com/static/2024/2024-03-02_Bahrain_Grand_Prix/2024-03-02_Race/TeamRadio/PIEGAS01_10_20240302_142136.mp3,"The really poor drivability out of third one. Copy that, we'll take a look."
2024,1,R,1117.281,11,PER,https://livetiming.formula1.com/static/2024/2024-03-02_Bahrain_Grand_Prix/2024-03-02_Race/TeamRadio/SERPER01_11_20240302_142213.mp3,"Limit your clutches, avoid pulling forwards."
2024,1,R,1151.588,20,MAG,https://livetiming.formula1.com/static/2024/2024-03-02_Bahrain_Grand_Prix/2024-03-02_Race/TeamRadio/KEVMAG01_20_20240302_142235.mp3,"I had to move my microphone, it was a bit out of place, so I expect the mic to be better now. Yeah, it's much better."
2024,1,R,1186.063,3,RIC,https://livetiming.formula1.com/static/2024/2024-03-02_Bahrain_Grand_Prix/2024-03-02_Race/TeamRadio/DANRIC01_3_20240302_142310.mp3,"I got a flat spot, but it's fine for these laps."
2024,1,R,1220.251,63,RUS,https://livetiming.formula1.com/static/2024/2024-03-02_Bahrain_Grand_Prix/2024-03-02_Race/TeamRadio/GEORUS01_63_20240302_142333.mp3,Finland at bottom and into 11.
2024,1,R,1355.592,22,TSU,https://livetiming.formula1.com/static/2024/2024-03-02_Bahrain_Grand_Prix/2024-03-02_Race/TeamRadio/YUKTSU01_22_20240302_142559.mp3,"The balance so far is pretty, a little bit understated in the high speed, but I think it's good. Most of the players are also actually a bit of a rotation side in slow speed, so it's not a bad place to."
2024,1,R,1390.725,63,RUS,https://livetiming.formula1.com/static/2024/2024-03-02_Bahrain_Grand_Prix/2024-03-02_Race/TeamRadio/GEORUS01_63_20240302_142628.mp3,"Okay, sliding. Twelve. Cool."
2024,1,R,1425.809,4,NOR,https://livetiming.formula1.com/static/2024/2024-03-02_Bahrain_Grand_Prix/2024-03-02_Race/TeamRadio/LANNOR01_4_20240302_142714.mp3,"Happy to do a launch, no burnout. Well, it's too late now, isn't it, mate? I'm actually. Sorry, sorry."
2024,1,R,1559.033,63,RUS,https://livetiming.formula1.com/static/2024/2024-03-02_Bahrain_Grand_Prix/2024-03-02_Race/TeamRadio/GEORUS01_63_20240302_142925.mp3,I'd like to stick with this green nine setup.
2024,1,R,2981.042,2,SAR,https://livetiming.formula1.com/static/2024/2024-03-02_Bahrain_Grand_Prix/2024-03-02_Race/TeamRadio/LOGSAR01_2_20240302_145316.mp3,"Put the jaw of your car, but be mindful of the tires."
2024,1,R,3082.576,2,SAR,https://livetiming.formula1.com/static/2024/2024-03-02_Bahrain_Grand_Prix/2024-03-02_Race/TeamRadio/LOGSAR01_2_20240302_145427.mp3,"And you know how to manage this. You have a good thinking, P2, good management. So let's get on top of everything and we'll have a good race, okay? Good one, buddy."
2024,1,R,3184.067,3,RIC,https://livetiming.formula1.com/static/2024/2024-03-02_Bahrain_Grand_Prix/2024-03-02_Race/TeamRadio/DANRIC01_3_20240302_145616.mp3,
2024,1,R,3319.877,10,GAS,https://livetiming.formula1.com/static/2024/2024-03-02_Bahrain_Grand_Prix/2024-03-02_Race/TeamRadio/PIEGAS01_10_20240302_145839.mp3,
2024,1,R,3523.198,24,ZHO,https://livetiming.formula1.com/static/2024/2024-03-02_Bahrain_Grand_Prix/2024-03-02_Race/TeamRadio/GUAZHO01_24_20240302_150152.mp3,
2024,1,R,3693.419,10,GAS,https://livetiming.formula1.com/static/2024/2024-03-02_Bahrain_Grand_Prix/2024-03-02_Race/TeamRadio/PIEGAS01_10_20240302_150446.mp3,"Okay, Pierre, front wing looks okay from our side."
2024,1,R,3795.451,31,OCO,https://livetiming.formula1.com/static/2024/2024-03-02_Bahrain_Grand_Prix/2024-03-02_Race/TeamRadio/ESTOCO01_31_20240302_150622.mp3,"Crack surface slippery, turn four could be debris, cars behind pierre, then bottas."
2024,1,R,3795.718,27,HUL,https://livetiming.formula1.com/static/2024/2024-03-02_Bahrain_Grand_Prix/2024-03-02_Race/TeamRadio/NICHUL01_27_20240302_150640.mp3,
2024,1,R,3830.082,63,RUS,https://livetiming.formula1.com/static/2024/2024-03-02_Bahrain_Grand_Prix/2024-03-02_Race/TeamRadio/GEORUS01_63_20240302_150720.mp3,"Green three position, four urgent."
2024,1,R,3864.339,81,PIA,https://livetiming.formula1.com/static/2024/2024-03-02_Bahrain_Grand_Prix/2024-03-02_Race/TeamRadio/OSCPIA01_81_20240302_150736.mp3,"Okay, Oscar, now's our chance. Let's follow him through."
2024,1,R,3864.563,4,NOR,https://livetiming.formula1.com/static/2024/2024-03-02_Bahrain_Grand_Prix/2024-03-02_Race/TeamRadio/LANNOR01_4_20240302_150753.mp3,"I'm just struggling with the rear, I have no rear."
2024,1,R,3899.019,23,ALB,https://livetiming.formula1.com/static/2024/2024-03-02_Bahrain_Grand_Prix/2024-03-02_Race/TeamRadio/ALEALB01_23_20240302_150829.mp3,"The drivability is totally, is at the tempest."
2024,1,R,3966.978,1,VER,https://livetiming.formula1.com/static/2024/2024-03-02_Bahrain_Grand_Prix/2024-03-02_Race/TeamRadio/MAXVER01_1_20240302_150926.mp3,"Russell has been instructed to settle into tire management, Max, but not sure how far he will be able to do that with Leclerc and Perez behind."
2024,1,R,4035.156,4,NOR,https://livetiming.formula1.com/static/2024/2024-03-02_Bahrain_Grand_Prix/2024-03-02_Race/TeamRadio/LANNOR01_4_20240302_151042.mp3,"Oscar's now the car behind ""Strata Eleven, please, Strata Eleven""."
2024,1,R,4069.621,11,PER,https://livetiming.formula1.com/static/2024/2024-03-02_Bahrain_Grand_Prix/2024-03-02_Race/TeamRadio/SERPER01_11_20240302_151108.mp3,I have a lot of fun with Tiro and the fire that comes.
2024,1,R,4240.106,18,STR,https://livetiming.formula1.com/static/2024/2024-03-02_Bahrain_Grand_Prix/2024-03-02_Race/TeamRadio/LANSTR01_18_20240302_151358.mp3,"Yeah, it's a bit start to lose the rears, but not too bad."
2024,1,R,4240.106,55,SAI,https://livetiming.formula1.com/static/2024/2024-03-02_Bahrain_Grand_Prix/2024-03-02_Race/TeamRadio/CARSAI01_55_20240302_151358.mp3,"I have more pain than the guys in front. Hey, good to know."
2024,1,R,4310.327,23,ALB,https://livetiming.formula1.com/static/2024/2024-03-02_Bahrain_Grand_Prix/2024-03-02_Race/TeamRadio/ALEALB01_23_20240302_151442.mp3,"You guys, come on, seriously. What do we need? Is it critical or what? Because if it's not critical, then let's just stick with it. Yeah, stick with it. We'll accept the couple of tenths lost, but we are running our own tenths."
2024,1,R,4410.615,4,NOR,https://livetiming.formula1.com/static/2024/2024-03-02_Bahrain_Grand_Prix/2024-03-02_Race/TeamRadio/LANNOR01_4_20240302_151636.mp3,"Yeah, the tire is fine. I've been struggling with the front ride a lot. So, the rear is my front's still fine."
2024,1,R,4410.615,20,MAG,https://livetiming.formula1.com/static/2024/2024-03-02_Bahrain_Grand_Prix/2024-03-02_Race/TeamRadio/KEVMAG01_20_20240302_151655.mp3,"I have a tear off stuck on the right side, but."
2024,1,R,4445.719,81,PIA,https://livetiming.formula1.com/static/2024/2024-03-02_Bahrain_Grand_Prix/2024-03-02_Race/TeamRadio/OSCPIA01_81_20240302_151715.mp3,"Oscar, this pace is good. You're faster than Lando and the Ferraris ahead."
2024,1,R,4445.719,3,RIC,https://livetiming.formula1.com/static/2024/2024-03-02_Bahrain_Grand_Prix/2024-03-02_Race/TeamRadio/DANRIC01_3_20240302_151737.mp3,"When Daniel Sargent ahead has been told to open the gap, they have a critical cooling issue. Heads up."
2024,1,R,4513.642,81,PIA,https://livetiming.formula1.com/static/2024/2024-03-02_Bahrain_Grand_Prix/2024-03-02_Race/TeamRadio/OSCPIA01_81_20240302_151827.mp3,"So, ask our objective. We just want to use whatever pace you've got now. Let's keep extending some Alonzo."
2024,1,R,4547.628,2,SAR,https://livetiming.formula1.com/static/2024/2024-03-02_Bahrain_Grand_Prix/2024-03-02_Race/TeamRadio/LOGSAR01_2_20240302_151920.mp3,
2024,1,R,4651.333,63,RUS,https://livetiming.formula1.com/static/2024/2024-03-02_Bahrain_Grand_Prix/2024-03-02_Race/TeamRadio/GEORUS01_63_20240302_152039.mp3,Think about Plan A minus one.
2024,1,R,4855.119,22,TSU,https://livetiming.formula1.com/static/2024/2024-03-02_Bahrain_Grand_Prix/2024-03-02_Race/TeamRadio/YUKTSU01_22_20240302_152407.mp3,Let's try to put one step more than 12. We are good on tires.
2024,1,R,4857.289,3,RIC,https://livetiming.formula1.com/static/2024/2024-03-02_Bahrain_Grand_Prix/2024-03-02_Race/TeamRadio/DANRIC01_3_20240302_152431.mp3,"Let's make the dialogue six, yeah."
2024,1,R,4923.545,14,ALO,https://livetiming.formula1.com/static/2024/2024-03-02_Bahrain_Grand_Prix/2024-03-02_Race/TeamRadio/FERALO01_14_20240302_152522.mp3,"Okay, so the people that pitted early, like Joe and Lance, are close to our pit window, but we'll try and keep going."
2024,1,R,4923.984,14,ALO,https://livetiming.formula1.com/static/2024/2024-03-02_Bahrain_Grand_Prix/2024-03-02_Race/TeamRadio/FERALO01_14_20240302_152529.mp3,"Yeah, very long place."
2024,1,R,4958.087,44,HAM,https://livetiming.formula1.com/static/2024/2024-03-02_Bahrain_Grand_Prix/2024-03-02_Race/TeamRadio/LEWHAM01_44_20240302_152558.mp3,"On that battery, I'm going to go on the set."
2024,1,R,4992.644,31,OCO,https://livetiming.formula1.com/static/2024/2024-03-02_Bahrain_Grand_Prix/2024-03-02_Race/TeamRadio/ESTOCO01_31_20240302_152642.mp3,"Okay, so based on tyres, we think status zero from now, please. Status zero from now."
2024,1,R,5027.757,16,LEC,https://livetiming.formula1.com/static/2024/2024-03-02_Bahrain_Grand_Prix/2024-03-02_Race/TeamRadio/CHALEC01_16_20240302_152709.mp3,I just cannot get out of top locking everywhere.
2024,1,R,5062.889,44,HAM,https://livetiming.formula1.com/static/2024/2024-03-02_Bahrain_Grand_Prix/2024-03-02_Race/TeamRadio/LEWHAM01_44_20240302_152739.mp3,Can I get the thing to charge the porn? And that's the best mode.
2024,1,R,5062.889,16,LEC,https://livetiming.formula1.com/static/2024/2024-03-02_Bahrain_Grand_Prix/2024-03-02_Race/TeamRadio/CHALEC01_16_20240302_152756.mp3,You are doing a good job on tires.
2024,1,R,5095.328,1,VER,https://livetiming.formula1.com/static/2024/2024-03-02_Bahrain_Grand_Prix/2024-03-02_Race/TeamRadio/MAXVER01_1_20240302_152825.mp3,"Yeah, that's good for this compartment."
2024,1,R,5130.291,31,OCO,https://livetiming.formula1.com/static/2024/2024-03-02_Bahrain_Grand_Prix/2024-03-02_Race/TeamRadio/ESTOCO01_31_20240302_152846.mp3,"I know the outlap in front battling with those guys, it'll slow them down."
2024,1,R,5130.45,63,RUS,https://livetiming.formula1.com/static/2024/2024-03-02_Bahrain_Grand_Prix/2024-03-02_Race/TeamRadio/GEORUS01_63_20240302_152906.mp3,"Guys, you need to advise me what to do here. I'm not a pipe, I've got all this stuff. You have eaten."
2024,1,R,5165.027,11,PER,https://livetiming.formula1.com/static/2024/2024-03-02_Bahrain_Grand_Prix/2024-03-02_Race/TeamRadio/SERPER01_11_20240302_152935.mp3,"And a balance update on the hard, how is it? Yeah, it's a little bit more front, limited, medium and low speed."
2024,1,R,5199.316,31,OCO,https://livetiming.formula1.com/static/2024/2024-03-02_Bahrain_Grand_Prix/2024-03-02_Race/TeamRadio/ESTOCO01_31_20240302_153002.mp3,"Sorry about Albon, I didn't see he'd boxed while the unkeeper was in front of him."
2024,1,R,5301.577,81,PIA,https://livetiming.formula1.com/static/2024/2024-03-02_Bahrain_Grand_Prix/2024-03-02_Race/TeamRadio/OSCPIA01_81_20240302_153158.mp3,"Clerk is reporting braking issues, he's a car ahead of Lando."
2024,1,R,5403.988,4,NOR,https://livetiming.formula1.com/static/2024/2024-03-02_Bahrain_Grand_Prix/2024-03-02_Race/TeamRadio/LANNOR01_4_20240302_153321.mp3,Just be careful of over pushing turn one. The general wind speed is reducing.
2024,1,R,5471.409,11,PER,https://livetiming.formula1.com/static/2024/2024-03-02_Bahrain_Grand_Prix/2024-03-02_Race/TeamRadio/SERPER01_11_20240302_153426.mp3,That's a painful sight.
2024,1,R,5471.481,11,PER,https://livetiming.formula1.com/static/2024/2024-03-02_Bahrain_Grand_Prix/2024-03-02_Race/TeamRadio/SERPER01_11_20240302_153429.mp3,Match at your pace.
2024,1,R,5507.105,11,PER,https://livetiming.formula1.com/static/2024/2024-03-02_Bahrain_Grand_Prix/2024-03-02_Race/TeamRadio/SERPER01_11_20240302_153452.mp3,High temperatures are just about stable.
2024,1,R,5542.268,31,OCO,https://livetiming.formula1.com/static/2024/2024-03-02_Bahrain_Grand_Prix/2024-03-02_Race/TeamRadio/ESTOCO01_31_20240302_153527.mp3,"The better now. It's okay, I started a little bit about the stairs. The better now. I'm still."
2024,1,R,5542.538,31,OCO,https://livetiming.formula1.com/static/2024/2024-03-02_Bahrain_Grand_Prix/2024-03-02_Race/TeamRadio/ESTOCO01_31_20240302_153542.mp3,"It's okay, I started with the one who steals. We're better now. Understood."
2024,1,R,5576.611,81,PIA,https://livetiming.formula1.com/static/2024/2024-03-02_Bahrain_Grand_Prix/2024-03-02_Race/TeamRadio/OSCPIA01_81_20240302_153633.mp3,Russell Head is struggling a bit. Last lap was a 37-2.
2024,1,R,5644.916,24,ZHO,https://livetiming.formula1.com/static/2024/2024-03-02_Bahrain_Grand_Prix/2024-03-02_Race/TeamRadio/GUAZHO01_24_20240302_153721.mp3,"Sock six, sock six."
2024,1,R,5644.916,11,PER,https://livetiming.formula1.com/static/2024/2024-03-02_Bahrain_Grand_Prix/2024-03-02_Race/TeamRadio/SERPER01_11_20240302_153735.mp3,"It tires a little on the cool side. Use it a bit more, turn 6, 7, turn 12."
2024,1,R,5780.307,11,PER,https://livetiming.formula1.com/static/2024/2024-03-02_Bahrain_Grand_Prix/2024-03-02_Race/TeamRadio/SERPER01_11_20240302_153932.mp3,You are super quiet man. A thick laughter. Shout. You need to shout.
2024,1,R,5815.411,23,ALB,https://livetiming.formula1.com/static/2024/2024-03-02_Bahrain_Grand_Prix/2024-03-02_Race/TeamRadio/ALEALB01_23_20240302_154024.mp3,"There's a lot of containment going on, but you're doing a good job."
2024,1,R,5850.567,31,OCO,https://livetiming.formula1.com/static/2024/2024-03-02_Bahrain_Grand_Prix/2024-03-02_Race/TeamRadio/ESTOCO01_31_20240302_154039.mp3,You can come down on dip high speed if turn six under steer is a problem.
2024,1,R,5883.242,11,PER,https://livetiming.formula1.com/static/2024/2024-03-02_Bahrain_Grand_Prix/2024-03-02_Race/TeamRadio/SERPER01_11_20240302_154111.mp3,What do you pay for wax?
2024,1,R,5917.569,4,NOR,https://livetiming.formula1.com/static/2024/2024-03-02_Bahrain_Grand_Prix/2024-03-02_Race/TeamRadio/LANNOR01_4_20240302_154156.mp3,"Lambda minor, white H2, position 1, please. White H2, position 1."
2024,1,R,5951.902,10,GAS,https://livetiming.formula1.com/static/2024/2024-03-02_Bahrain_Grand_Prix/2024-03-02_Race/TeamRadio/PIEGAS01_10_20240302_154215.mp3,"Okay, Pierre, you're doing a good job with Lifton Coast. Esteban, last lap 38 4."
2024,1,R,5986.151,2,SAR,https://livetiming.formula1.com/static/2024/2024-03-02_Bahrain_Grand_Prix/2024-03-02_Race/TeamRadio/LOGSAR01_2_20240302_154253.mp3,"I need at least plus two. Tires are okay, just go front."
2024,1,R,6021.213,44,HAM,https://livetiming.formula1.com/static/2024/2024-03-02_Bahrain_Grand_Prix/2024-03-02_Race/TeamRadio/LEWHAM01_44_20240302_154349.mp3,"The biggest loss is the best seas broker. Okay, copy."
2024,1,R,6021.396,18,STR,https://livetiming.formula1.com/static/2024/2024-03-02_Bahrain_Grand_Prix/2024-03-02_Race/TeamRadio/LANSTR01_18_20240302_154352.mp3,"Yeah, balance is okay. Rio is at the biggest limitation, but kind of settling."
2024,1,R,6056.547,2,SAR,https://livetiming.formula1.com/static/2024/2024-03-02_Bahrain_Grand_Prix/2024-03-02_Race/TeamRadio/LOGSAR01_2_20240302_154429.mp3,"Tracks in the exit of 810, very poor, but coming from a lack of rotation."
2024,1,R,6193.296,3,RIC,https://livetiming.formula1.com/static/2024/2024-03-02_Bahrain_Grand_Prix/2024-03-02_Race/TeamRadio/DANRIC01_3_20240302_154625.mp3,"Is the wind still the same? On turn 12, cars ahead are doing one step less lift up. We are losing one tenth and a half turn 12, last couple of flops."
2024,1,R,6227.66,31,OCO,https://livetiming.formula1.com/static/2024/2024-03-02_Bahrain_Grand_Prix/2024-03-02_Race/TeamRadio/ESTOCO01_31_20240302_154709.mp3,Looking at plan A on target at the moment. Got us a couple of attempts a lot quicker at the moment.
2024,1,R,6262.413,23,ALB,https://livetiming.formula1.com/static/2024/2024-03-02_Bahrain_Grand_Prix/2024-03-02_Race/TeamRadio/ALEALB01_23_20240302_154741.mp3,"I'm not ever going to overtake you. Yeah, Roger. I've got a bit of a wounded dog at the minute, so."
2024,1,R,6297.436,23,ALB,https://livetiming.formula1.com/static/2024/2024-03-02_Bahrain_Grand_Prix/2024-03-02_Race/TeamRadio/ALEALB01_23_20240302_154803.mp3,"He's already clipping it like a. He's already clipping halfway down every straight. It's so bad. Yeah, Roger."
2024,1,R,6332.502,22,TSU,https://livetiming.formula1.com/static/2024/2024-03-02_Bahrain_Grand_Prix/2024-03-02_Race/TeamRadio/YUKTSU01_22_20240302_154852.mp3,"Okay, just to reinforce, no need to take any risk, race is long, be patient, we are faster."
2024,1,R,6365.305,14,ALO,https://livetiming.formula1.com/static/2024/2024-03-02_Bahrain_Grand_Prix/2024-03-02_Race/TeamRadio/FERALO01_14_20240302_154914.mp3,I'm driving to get to Target now in the fastest way possible.
2024,1,R,6399.299,4,NOR,https://livetiming.formula1.com/static/2024/2024-03-02_Bahrain_Grand_Prix/2024-03-02_Race/TeamRadio/LANNOR01_4_20240302_155013.mp3,"Slando, be patient, you are quick at the moment."
2024,1,R,6467.897,22,TSU,https://livetiming.formula1.com/static/2024/2024-03-02_Bahrain_Grand_Prix/2024-03-02_Race/TeamRadio/YUKTSU01_22_20240302_155118.mp3,"Second strike, 13 black limit. No more now, no more."
2024,1,R,6503.003,4,NOR,https://livetiming.formula1.com/static/2024/2024-03-02_Bahrain_Grand_Prix/2024-03-02_Race/TeamRadio/LANNOR01_4_20240302_155154.mp3,"Flandre, what would you think about a red A11 suggestion?"
2024,1,R,6536.057,4,NOR,https://livetiming.formula1.com/static/2024/2024-03-02_Bahrain_Grand_Prix/2024-03-02_Race/TeamRadio/LANNOR01_4_20240302_155207.mp3,"Yeah, I agree. Happy to try something different."
2024,1,R,6538.161,4,NOR,https://livetiming.formula1.com/static/2024/2024-03-02_Bahrain_Grand_Prix/2024-03-02_Race/TeamRadio/LANNOR01_4_20240302_155225.mp3,"Okay, Lando, suggest then. If I get ahead, I'll be able to fish a little more. I just can't hit the stage yet. Okay, suggest Red A11 then, Red A11."
2024,1,R,6604.964,23,ALB,https://livetiming.formula1.com/static/2024/2024-03-02_Bahrain_Grand_Prix/2024-03-02_Race/TeamRadio/ALEALB01_23_20240302_155319.mp3,Both windows of the safety car are open.
2024,1,R,6708.782,44,HAM,https://livetiming.formula1.com/static/2024/2024-03-02_Bahrain_Grand_Prix/2024-03-02_Race/TeamRadio/LEWHAM01_44_20240302_155511.mp3,"Last lap was a 37-6 for him, that was a knockout. Nice, good. Copy that loose. Prioritize lifting coast turn four. That'll be needed when we get a bit closer."
2024,1,R,6743.859,4,NOR,https://livetiming.formula1.com/static/2024/2024-03-02_Bahrain_Grand_Prix/2024-03-02_Race/TeamRadio/LANNOR01_4_20240302_155532.mp3,"That puts at bottom Plan A target plus five, Plan A target plus five."
2024,1,R,6743.859,11,PER,https://livetiming.formula1.com/static/2024/2024-03-02_Bahrain_Grand_Prix/2024-03-02_Race/TeamRadio/SERPER01_11_20240302_155556.mp3,Good stuff. The gap's growing.
2024,1,R,6778.955,4,NOR,https://livetiming.formula1.com/static/2024/2024-03-02_Bahrain_Grand_Prix/2024-03-02_Race/TeamRadio/LANNOR01_4_20240302_155618.mp3,"Yeah, I'm just so I can't do nothing in two minutes."
2024,1,R,6811.07,23,ALB,https://livetiming.formula1.com/static/2024/2024-03-02_Bahrain_Grand_Prix/2024-03-02_Race/TeamRadio/ALEALB01_23_20240302_155705.mp3,I've got absolutely no power at all.
2024,1,R,6879.569,16,LEC,https://livetiming.formula1.com/static/2024/2024-03-02_Bahrain_Grand_Prix/2024-03-02_Race/TeamRadio/CHALEC01_16_20240302_155755.mp3,I think we can forget about driving. I'm pulling everywhere. I don't know what the car's going to do every time I break.
2024,1,R,6914.399,44,HAM,https://livetiming.formula1.com/static/2024/2024-03-02_Bahrain_Grand_Prix/2024-03-02_Race/TeamRadio/LEWHAM01_44_20240302_155853.mp3,I raised it to the other end. So now they're yet to stop.
2024,1,R,7051.152,16,LEC,https://livetiming.formula1.com/static/2024/2024-03-02_Bahrain_Grand_Prix/2024-03-02_Race/TeamRadio/CHALEC01_16_20240302_160039.mp3,And Alonso in front still needs to stop.
2024,1,R,7085.56,1,VER,https://livetiming.formula1.com/static/2024/2024-03-02_Bahrain_Grand_Prix/2024-03-02_Race/TeamRadio/MAXVER01_1_20240302_160119.mp3,"Yeah, the size I lose it with."
2024,1,R,7255.869,1,VER,https://livetiming.formula1.com/static/2024/2024-03-02_Bahrain_Grand_Prix/2024-03-02_Race/TeamRadio/MAXVER01_1_20240302_160428.mp3,"Do them, you know, the fastest app if someone goes through. Yes, mode five for now, please, Max. Mode five, sock is full."
2024,1,R,7325.665,20,MAG,https://livetiming.formula1.com/static/2024/2024-03-02_Bahrain_Grand_Prix/2024-03-02_Race/TeamRadio/KEVMAG01_20_20240302_160528.mp3,You will get through before turn four.
2024,1,R,7392.29,27,HUL,https://livetiming.formula1.com/static/2024/2024-03-02_Bahrain_Grand_Prix/2024-03-02_Race/TeamRadio/NICHUL01_27_20240302_160615.mp3,
2024,1,R,7461.294,27,HUL,https://livetiming.formula1.com/static/2024/2024-03-02_Bahrain_Grand_Prix/2024-03-02_Race/TeamRadio/NICHUL01_27_20240302_160726.mp3,"Well, I don't know what is optimum, but I think in a few laps. Well, optimal, but you know what I mean."
2024,1,R,7529.105,4,NOR,https://livetiming.formula1.com/static/2024/2024-03-02_Bahrain_Grand_Prix/2024-03-02_Race/TeamRadio/LANNOR01_4_20240302_160845.mp3,Let's not forget about us.
2024,1,R,7531.286,44,HAM,https://livetiming.formula1.com/static/2024/2024-03-02_Bahrain_Grand_Prix/2024-03-02_Race/TeamRadio/LEWHAM01_44_20240302_160858.mp3,These guys are fast-ranging.
2024,1,R,7598.067,31,OCO,https://livetiming.formula1.com/static/2024/2024-03-02_Bahrain_Grand_Prix/2024-03-02_Race/TeamRadio/ESTOCO01_31_20240302_160958.mp3,"I got a big push, all throttle, because of the gear behavior."
2024,1,R,7632.192,31,OCO,https://livetiming.formula1.com/static/2024/2024-03-02_Bahrain_Grand_Prix/2024-03-02_Race/TeamRadio/ESTOCO01_31_20240302_161023.mp3,"Can I have a look for next week? Yep, I understand mate, we'll have a look."
2024,1,R,7768.581,4,NOR,https://livetiming.formula1.com/static/2024/2024-03-02_Bahrain_Grand_Prix/2024-03-02_Race/TeamRadio/LANNOR01_4_20240302_161251.mp3,"And lander minor, white h-eight, position five is White h-eight, position five."
2024,1,R,7802.707,23,ALB,https://livetiming.formula1.com/static/2024/2024-03-02_Bahrain_Grand_Prix/2024-03-02_Race/TeamRadio/ALEALB01_23_20240302_161321.mp3,"Joel and Joe, P9P10, they're on 10 lap holder hard tyres. They'll come back to you towards the end of the race."
2024,1,R,7837.328,55,SAI,https://livetiming.formula1.com/static/2024/2024-03-02_Bahrain_Grand_Prix/2024-03-02_Race/TeamRadio/CARSAI01_55_20240302_161403.mp3,When do we expect the car to be quicker on the sub? I'll just come back to you.
2024,1,R,7837.328,44,HAM,https://livetiming.formula1.com/static/2024/2024-03-02_Bahrain_Grand_Prix/2024-03-02_Race/TeamRadio/LEWHAM01_44_20240302_161410.mp3,"Let me know if I need to pull back their last, they're breaking their last corner. Nope, good game there. Keep on that."
2024,1,R,7973.564,55,SAI,https://livetiming.formula1.com/static/2024/2024-03-02_Bahrain_Grand_Prix/2024-03-02_Race/TeamRadio/CARSAI01_55_20240302_161618.mp3,"And sliding speeds are still good for us in turn six, also with this base. Good job."
2024,1,R,8042.885,24,ZHO,https://livetiming.formula1.com/static/2024/2024-03-02_Bahrain_Grand_Prix/2024-03-02_Race/TeamRadio/GUAZHO01_24_20240302_161716.mp3,You can back to mode race and speed up in turn 12. You can reduce the management tires are fine.
2024,1,R,8077.983,10,GAS,https://livetiming.formula1.com/static/2024/2024-03-02_Bahrain_Grand_Prix/2024-03-02_Race/TeamRadio/PIEGAS01_10_20240302_161802.mp3,"Okay, Pierre, that last lap was deleted, so we'll be mindful of track limits at turn four."
2024,1,R,8246.354,18,STR,https://livetiming.formula1.com/static/2024/2024-03-02_Bahrain_Grand_Prix/2024-03-02_Race/TeamRadio/LANSTR01_18_20240302_162050.mp3,"Still too far away, man. At least the main street."
2024,1,R,8248.49,18,STR,https://livetiming.formula1.com/static/2024/2024-03-02_Bahrain_Grand_Prix/2024-03-02_Race/TeamRadio/LANSTR01_18_20240302_162055.mp3,"Yes mate, he's going to take DRS now, do it in one."
2024,1,R,8283.595,10,GAS,https://livetiming.formula1.com/static/2024/2024-03-02_Bahrain_Grand_Prix/2024-03-02_Race/TeamRadio/PIEGAS01_10_20240302_162119.mp3,And we go Bravo zero zero off. Fail Bravo zero zero off.
2024,1,R,8350.254,10,GAS,https://livetiming.formula1.com/static/2024/2024-03-02_Bahrain_Grand_Prix/2024-03-02_Race/TeamRadio/PIEGAS01_10_20240302_162214.mp3,"We can get PU1 position six, PU1 position six."
2024,1,R,8384.458,44,HAM,https://livetiming.formula1.com/static/2024/2024-03-02_Bahrain_Grand_Prix/2024-03-02_Race/TeamRadio/LEWHAM01_44_20240302_162302.mp3,I'm sorry.
2024,1,R,8384.578,10,GAS,https://livetiming.formula1.com/static/2024/2024-03-02_Bahrain_Grand_Prix/2024-03-02_Race/TeamRadio/PIEGAS01_10_20240302_162316.mp3,No more lift and coast needed for fuel. Happy. No more lift and coast.
2024,1,R,8521.618,3,RIC,https://livetiming.formula1.com/static/2024/2024-03-02_Bahrain_Grand_Prix/2024-03-02_Race/TeamRadio/DANRIC01_3_20240302_162511.mp3,"Whatever advantage I have, we'll use it. Let's try something."
2024,1,R,8555.674,3,RIC,https://livetiming.formula1.com/static/2024/2024-03-02_Bahrain_Grand_Prix/2024-03-02_Race/TeamRadio/DANRIC01_3_20240302_162545.mp3,We will do a driver swap this stop.
2024,1,R,8555.9,4,NOR,https://livetiming.formula1.com/static/2024/2024-03-02_Bahrain_Grand_Prix/2024-03-02_Race/TeamRadio/LANNOR01_4_20240302_162607.mp3,Sage girl windows are closed. Sage girl windows closed.
2024,1,R,8590.118,55,SAI,https://livetiming.formula1.com/static/2024/2024-03-02_Bahrain_Grand_Prix/2024-03-02_Race/TeamRadio/CARSAI01_55_20240302_162637.mp3,"And across cars 6, 7 and 12, he is faster than us on the tyre saving places."
2024,1,R,8624.964,22,TSU,https://livetiming.formula1.com/static/2024/2024-03-02_Bahrain_Grand_Prix/2024-03-02_Race/TeamRadio/YUKTSU01_22_20240302_162644.mp3,Yuki driver's swap. Driver's swap. Are you kidding me now?
2024,1,R,8625.095,20,MAG,https://livetiming.formula1.com/static/2024/2024-03-02_Bahrain_Grand_Prix/2024-03-02_Race/TeamRadio/KEVMAG01_20_20240302_162655.mp3,"Okay, Sonoda's arguing on the radio, so 0.6 behind Sonoda DRS."
2024,1,R,8660.05,11,PER,https://livetiming.formula1.com/static/2024/2024-03-02_Bahrain_Grand_Prix/2024-03-02_Race/TeamRadio/SERPER01_11_20240302_162728.mp3,I'm a traveling fellow with the riddle of ending breaking into ten.
2024,1,R,8660.05,3,RIC,https://livetiming.formula1.com/static/2024/2024-03-02_Bahrain_Grand_Prix/2024-03-02_Race/TeamRadio/DANRIC01_3_20240302_162745.mp3,"Yeah, that's probably the sandy thing."
2024,1,R,8761.856,22,TSU,https://livetiming.formula1.com/static/2024/2024-03-02_Bahrain_Grand_Prix/2024-03-02_Race/TeamRadio/YUKTSU01_22_20240302_162913.mp3,"Yeah, thanks guys. I appreciate it."
2024,1,R,8900.897,77,BOT,https://livetiming.formula1.com/static/2024/2024-03-02_Bahrain_Grand_Prix/2024-03-02_Race/TeamRadio/VALBOT01_77_20240302_163123.mp3,Alonso now 1.3 behind. We will get blue flags for Alonso soon.
2024,1,R,8933.495,23,ALB,https://livetiming.formula1.com/static/2024/2024-03-02_Bahrain_Grand_Prix/2024-03-02_Race/TeamRadio/ALEALB01_23_20240302_163218.mp3,"In the ground, so far breaking is very, very strange."
2024,1,R,9274.007,11,PER,https://livetiming.formula1.com/static/2024/2024-03-02_Bahrain_Grand_Prix/2024-03-02_Race/TeamRadio/SERPER01_11_20240302_163731.mp3,
2024,1,R,9342.615,20,MAG,https://livetiming.formula1.com/static/2024/2024-03-02_Bahrain_Grand_Prix/2024-03-02_Race/TeamRadio/KEVMAG01_20_20240302_163851.mp3,"That's a way to do, but already a good job. So it's only the first race. Yeah, let's keep focused, tempo ration forward."
2024,1,R,9375.244,27,HUL,https://livetiming.formula1.com/static/2024/2024-03-02_Bahrain_Grand_Prix/2024-03-02_Race/TeamRadio/NICHUL01_27_20240302_163952.mp3,"Apologies for turn one. That sucks real bad. But I guess the positive news is that we are in the mix, and everybody else will take that as a positive into the season."
2024,1,R,9375.244,23,ALB,https://livetiming.formula1.com/static/2024/2024-03-02_Bahrain_Grand_Prix/2024-03-02_Race/TeamRadio/ALEALB01_23_20240302_164125.mp3,"You drove very well today, Alex. We didn't give you the car you needed there. Well done for juggling, really, frankly, a number of issues in the race. We're going to get that right next week and come back. The car isn't bad, we're just going to give you a proper package to work with. I don't think the car was that bad during the race. I felt like we were more limited by issues and."
2024,1,R,9375.244,77,BOT,https://livetiming.formula1.com/static/2024/2024-03-02_Bahrain_Grand_Prix/2024-03-02_Race/TeamRadio/VALBOT01_77_20240302_164213.mp3,"That was a difficult race for us today. B19 in the end. Yeah, tough luck."
2024,1,R,9375.244,24,ZHO,https://livetiming.formula1.com/static/2024/2024-03-02_Bahrain_Grand_Prix/2024-03-02_Race/TeamRadio/GUAZHO01_24_20240302_164310.mp3,"Close to the point. Was a good job for your side, solid race. Yeah, we took a good race, guys. I think we maximized everything. Honestly, with Joe, we missed a bit the sock level. So he got me, but his pace was too quick for me in the end, man."
2024,1,R,9375.244,2,SAR,https://livetiming.formula1.com/static/2024/2024-03-02_Bahrain_Grand_Prix/2024-03-02_Race/TeamRadio/LOGSAR01_2_20240302_164347.mp3,"Logan, well done for covering that situation. We'll have a look at it. It's been a tough, tough race, but it's good learning for us all to take forward to Saudi. Let's come back stronger next week."
2024,1,R,9375.244,3,RIC,https://livetiming.formula1.com/static/2024/2024-03-02_Bahrain_Grand_Prix/2024-03-02_Race/TeamRadio/DANRIC01_3_20240302_164459.mp3,"I've got some good, let's say, reference points to describe the feeling that I was getting, particularly in traffic. But, yep, I'm just a"
2024,1,R,9375.244,10,GAS,https://livetiming.formula1.com/static/2024/2024-03-02_Bahrain_Grand_Prix/2024-03-02_Race/TeamRadio/PIEGAS01_10_20240302_164719.mp3,"We're going to try again straight away next week. So, thanks for your help this weekend. It was a tough one, but you're right, it's a long year."
2024,1,R,9375.244,14,ALO,https://livetiming.formula1.com/static/2024/2024-03-02_Bahrain_Grand_Prix/2024-03-02_Race/TeamRadio/FERALO01_14_20240302_164748.mp3,"Okay, yeah, not an easy race, but first of twenty four."
2024,1,R,9375.244,18,STR,https://livetiming.formula1.com/static/2024/2024-03-02_Bahrain_Grand_Prix/2024-03-02_Race/TeamRadio/LANSTR01_18_20240302_164826.mp3,"Okay, Lance, let's check out the. Enjoy a nice firework show there on the last lap. That was definitely for you recovery drive, knocked off turn one and point. Well done. That's a very strong recovery. Well done."
2024,1,R,9375.244,16,LEC,https://livetiming.formula1.com/static/2024/2024-03-02_Bahrain_Grand_Prix/2024-03-02_Race/TeamRadio/CHALEC01_16_20240302_164906.mp3,"Kutchup, managing the edition."
2024,1,R,9375.244,81,PIA,https://livetiming.formula1.com/static/2024/2024-03-02_Bahrain_Grand_Prix/2024-03-02_Race/TeamRadio/OSCPIA01_81_20240302_165031.mp3,"P8 in the end, Oscar. I know you'll be a bit underwhelmed with that, but I think points on the board are always good. We know the circuits coming up are going to suit us, and the race tire management we've been working on, I think you'll be pleased with that. So I think a good afternoon or evening in general. Good job. Nice to start the year with double points. Yeah, I feel like you can start like that. See what you can achieve later in the year. So, thanks everyone."
2024,1,R,9375.244,44,HAM,https://livetiming.formula1.com/static/2024/2024-03-02_Bahrain_Grand_Prix/2024-03-02_Race/TeamRadio/LEWHAM01_44_20240302_165046.mp3,"What a Lewis, mate, that's P7. It was a difficult day in the office, but really strong race pace at the end. Really Norris in, just needed another couple of laps."
2024,1,R,9375.244,63,RUS,https://livetiming.formula1.com/static/2024/2024-03-02_Bahrain_Grand_Prix/2024-03-02_Race/TeamRadio/GEORUS01_63_20240302_165105.mp3,"Difficult afternoon, a lot to learn there. Need to look at that data on and understand what happened with those temps. That was quite hampering in the end. Yeah, really challenging afternoon. That first spin and a half was very, very tough."
