season,round,session,driver_code,lap_number,distance_m,speed_kph,throttle,rpm,x,y,brake,drs,gear
2024,1,R,VER,1,0.0,0.0,15.0,9755.0,-280.00422180785324,3549.625201955754,1,1,1
2024,1,R,VER,1,25.0,76.87244897959184,62.81207482993197,9690.580782312925,-271.88805592962933,3772.7774542097636,0,1,1
2024,1,R,VER,1,50.0,114.7948581657956,97.93161938859853,10914.914657119241,-263.05829442238485,4010.076284061301,0,1,2
2024,1,R,VER,1,75.0,142.76255611672278,100.0,10449.350168350169,-254.5780390917761,4240.4110216205345,0,1,3
2024,1,R,VER,1,100.0,167.01733973244993,100.0,10434.360218250304,-245.53154383358768,4490.556088883455,0,1,3
2024,1,R,VER,1,125.0,186.131510369305,100.0,11388.17577873122,-237.4822203411383,4744.865233501838,0,1,4
2024,1,R,VER,1,150.0,199.62764658170912,100.0,10916.848248662678,-229.90540971388796,4959.80823552424,0,1,4
2024,1,R,VER,1,175.0,211.06523286162533,100.0,10953.752542106682,-221.2617076411613,5212.41164301883,0,1,5
2024,1,R,VER,1,200.0,222.0505838239566,100.0,11529.488724138664,-213.50908751583137,5454.071413368364,0,1,5
2024,1,R,VER,1,225.0,229.99763984796877,100.0,11256.977711885374,-204.71671073923213,5705.386078659764,0,1,5
2024,1,R,VER,1,250.0,237.49605042016807,100.0,10708.716029411764,-196.74777030283653,5954.180539167965,0,1,5
2024,1,R,VER,1,275.0,243.89751449701632,100.0,11012.285666862752,-190.0092532524245,6188.374716869738,0,1,6
2024,1,R,VER,1,300.0,248.6709380049786,100.0,11209.386725062233,-181.86721410618878,6460.014066137592,0,1,6
2024,1,R,VER,1,325.0,253.24779365221224,96.28823582604316,11336.88895469696,-175.34919664424143,6728.377493644989,0,1,6
2024,1,R,VER,1,350.0,257.0,62.2010793444895,11399.895836393938,-168.87388821753277,6976.43693119193,0,1,6
2024,1,R,VER,1,375.0,242.51306885054362,0.0,10662.477424011702,-160.99424217633347,7230.507688648809,1,1,6
2024,1,R,VER,1,400.0,211.31862917043367,0.0,9859.76252614988,-149.15657667864866,7537.061367062541,1,1,6
2024,1,R,VER,1,425.0,170.79628661042972,0.0,10480.448930581608,-140.1681909714778,7746.294372037306,1,1,5
2024,1,R,VER,1,450.0,127.44862804878049,0.0,10726.617835365854,-125.10698882199878,7991.196484245992,1,1,4
2024,1,R,VER,1,475.0,95.45668411295189,0.0,7875.500986309426,-63.290705827940094,8221.653473043472,1,1,2
2024,1,R,VER,1,500.0,74.50313987957018,0.8993720240859618,6190.779449281747,139.37174308198175,8347.501473614731,0,1,2
2024,1,R,VER,1,525.0,78.20564024390238,38.0,7231.323932926829,359.22892788610847,8207.070482897418,0,1,2
2024,1,R,VER,1,550.0,108.53252248791945,81.72232845038718,10386.236261896798,507.91557780750355,8051.1034692247185,0,1,2
2024,1,R,VER,1,575.0,133.31828452700975,56.72686189196094,9594.46045710124,712.8602488380261,7913.450608088838,0,1,3
2024,1,R,VER,1,600.0,143.5098925120236,62.183154186706034,8871.282079306942,996.3773587602305,7865.135777867656,0,1,4
2024,1,R,VER,1,625.0,154.27930126546494,100.0,10179.166159712076,1200.8530748401392,7889.631112383695,0,1,4
2024,1,R,VER,1,650.0,180.05383402640908,100.0,11071.051890508472,1498.9884890137303,7957.506063534515,0,1,4
2024,1,R,VER,1,675.0,188.38803548304801,100.0,11664.59955581415,1735.016685878651,8033.319879755569,0,1,4
2024,1,R,VER,1,700.0,203.0,100.0,10907.028358754114,1921.3412222823483,8066.6281166872695,0,1,4
2024,1,R,VER,1,725.0,213.79082094147714,100.0,11124.833317829944,2165.982169061906,8068.877244920129,0,1,5
2024,1,R,VER,1,750.0,223.0816227272058,100.0,11517.244706059311,2507.753908108916,8040.170071379526,0,1,5
2024,1,R,VER,1,775.0,229.9532048097797,100.0,10753.305432419304,2674.6847654814633,8014.859636461811,0,1,5
2024,1,R,VER,1,800.0,236.03727607473039,100.0,10762.66122212943,2930.5888527077263,7964.017199581913,0,1,6
2024,1,R,VER,1,825.0,243.10798067116949,100.0,10985.13238249726,3185.6866369350782,7912.487716394303,0,1,6
2024,1,R,VER,1,850.0,248.90151823584077,100.0,11198.127368958232,3429.3229269810527,7863.351453815804,0,1,6
2024,1,R,VER,1,875.0,253.1132916818398,100.0,11339.255126775255,3658.0426328494873,7816.408019854256,0,1,6
2024,1,R,VER,1,900.0,256.17017955914173,100.0,11494.650273507572,3911.547114093557,7765.599648728145,0,1,6
2024,1,R,VER,1,925.0,260.3735118704493,100.0,11338.117565116761,4154.755311707217,7716.205946334165,0,1,6
2024,1,R,VER,1,950.0,263.46927469020835,100.0,10906.604641333908,4390.637201238816,7668.895692680033,0,1,6
2024,1,R,VER,1,975.0,266.35274584123846,100.0,10647.514175616601,4634.582643489845,7620.077643942818,0,1,7
2024,1,R,VER,1,1000.0,268.68487322569507,100.0,10731.135840105337,4903.429913364505,7567.196378201167,0,1,7
2024,1,R,VER,1,1025.0,271.58796747646556,100.0,10818.53373971304,5149.987181142884,7519.050603717028,0,1,7
2024,1,R,VER,1,1050.0,274.1924394979426,100.0,10920.082458913588,5368.370389785969,7476.628777397194,0,1,7
2024,1,R,VER,1,1075.0,275.82274321816743,100.0,10988.555215163033,5671.1266471514955,7419.950489691057,0,1,7
2024,1,R,VER,1,1100.0,277.60302073829706,100.0,10980.771302986177,5913.83536274108,7374.914075177419,0,1,7
2024,1,R,VER,1,1125.0,279.0,59.475268817203755,10822.805913978496,6094.0240322416985,7342.140339813096,0,1,7
2024,1,R,VER,1,1150.0,273.2984928846604,0.0,10843.840217758196,6353.991404914026,7294.530542588039,0,1,7
2024,1,R,VER,1,1175.0,244.8955716539942,0.0,10191.092147543563,6617.075625197585,7246.717873439466,1,1,7
2024,1,R,VER,1,1200.0,208.36558610441406,0.0,10055.841705688983,6877.40833537435,7198.889536651512,1,1,7
2024,1,R,VER,1,1225.0,171.40238364466043,0.0,10508.914464698182,7118.347111372123,7140.485638381201,1,1,5
2024,1,R,VER,1,1250.0,133.29458098101694,0.0,9272.565165701808,7342.60252978703,7028.160188400112,1,1,3
2024,1,R,VER,1,1275.0,116.69051724137906,1.7698275862069832,8216.454310344816,7486.377493176663,6829.316551217462,0,1,3
2024,1,R,VER,1,1300.0,112.23474490875275,32.11270417877477,8351.76308734453,7477.278638189764,6566.611611251591,0,1,3
2024,1,R,VER,1,1325.0,125.25898776116824,64.42547989334781,9433.534029635483,7369.133814219369,6336.911644061536,0,1,3
2024,1,R,VER,1,1350.0,149.31127477863024,94.44703178456628,10690.844639452149,7244.258206542465,6200.117068633561,0,1,3
2024,1,R,VER,1,1375.0,167.5977289013473,100.0,10594.088474724296,7055.275143828861,6045.787103389055,0,1,4
2024,1,R,VER,1,1400.0,188.55374356949122,100.0,11422.774215607797,6849.917536999064,5902.120555287122,0,1,4
2024,1,R,VER,1,1425.0,200.93904922505686,100.0,10559.557498326345,6623.881659698711,5738.983904036524,0,1,4
2024,1,R,VER,1,1450.0,213.6034467302043,100.0,11069.099937246294,6443.177919976104,5598.024861441004,0,1,5
2024,1,R,VER,1,1475.0,222.8959821428572,100.0,11503.229464285721,6272.142915144717,5443.50349776958,0,1,5
2024,1,R,VER,1,1500.0,230.80972216765804,100.0,11649.638896527875,6105.552473914965,5260.896488032706,0,1,5
2024,1,R,VER,1,1525.0,236.59117647058832,100.0,10727.222549019614,5946.934419096432,5054.769945829,0,1,6
2024,1,R,VER,1,1550.0,242.0598111923045,18.803776153910164,10875.803358053836,5792.970058878208,4815.673581481818,0,1,6
2024,1,R,VER,1,1575.0,234.1580298329353,0.0,9752.050711434122,5683.356921845982,4637.979168495301,1,1,6
2024,1,R,VER,1,1600.0,202.14196414415994,0.0,8805.194193243598,5532.095764648733,4439.597787532825,1,1,6
2024,1,R,VER,1,1625.0,189.2545016709543,0.0,9379.786671905636,5350.298313034556,4289.867440427885,0,1,6
2024,1,R,VER,1,1650.0,180.85153374772545,44.45223483930005,9432.735495178897,5081.133789648957,4193.7354788893845,0,1,5
2024,1,R,VER,1,1675.0,182.4221283783786,83.26638513513585,9681.76486486488,4865.681657240263,4184.23221108262,0,1,5
2024,1,R,VER,1,1700.0,194.47042380383368,98.85633704146271,10113.233864274609,4560.52114484175,4188.508142558133,0,1,5
2024,1,R,VER,1,1725.0,204.90355705317518,71.2233221011862,10617.370738552409,4380.491616277009,4174.32579991447,0,1,5
2024,1,R,VER,1,1750.0,207.1287570633245,74.82189265831128,10803.892768406331,4141.55933876028,4116.570243752778,0,1,5
2024,1,R,VER,1,1775.0,211.64851191168884,88.59404764675534,11029.675447124728,3916.638705154249,4010.736473248542,0,1,5
2024,1,R,VER,1,1800.0,218.15441381167474,97.53921841556632,11408.115334589991,3717.970052581784,3861.2514478490803,0,1,5
2024,1,R,VER,1,1825.0,225.54504344192407,100.0,10828.779482875643,3535.0682240563738,3651.636913682411,0,1,5
2024,1,R,VER,1,1850.0,234.0430851063834,100.0,10577.106170212783,3404.741897809853,3465.182268487475,0,1,6
2024,1,R,VER,1,1875.0,236.6758100917421,53.06731957183377,10519.079727522743,3256.4894714902935,3220.071608952758,0,1,6
2024,1,R,VER,1,1900.0,214.20569306930528,0.0,9978.35160891098,3143.062638443155,3028.4470739867734,1,1,6
2024,1,R,VER,1,1925.0,175.2837981261319,0.0,10609.729205826312,3015.2356553476206,2831.3212803318047,1,1,6
2024,1,R,VER,1,1950.0,132.3921735483753,0.0,8984.841594913254,2835.2824730665525,2607.3059068628513,1,1,3
2024,1,R,VER,1,1975.0,97.78986665542548,0.0,6762.524691874228,2627.0600327173643,2469.9500054577948,1,1,3
2024,1,R,VER,1,2000.0,80.26594366999015,4.335140825024619,5546.438936557576,2419.8929274672937,2514.798411346835,0,1,3
2024,1,R,VER,1,2025.0,86.08876760480142,46.63315140720212,6589.326056288085,2310.96731483292,2736.4422314793783,0,1,3
2024,1,R,VER,1,2050.0,110.87605393318063,77.19013483295157,8805.89059556749,2290.177055073192,2973.0089368832723,0,1,3
2024,1,R,VER,1,2075.0,139.46138425161016,100.0,10991.580544242508,2316.202751484612,3213.0836509169053,0,1,3
2024,1,R,VER,1,2100.0,168.37523406118123,100.0,10841.729479881164,2361.185749712271,3453.8573395499875,0,1,3
2024,1,R,VER,1,2125.0,182.77267661461775,100.0,11480.358246890059,2415.334374290676,3703.451548640054,0,1,4
2024,1,R,VER,1,2150.0,200.2646494880577,100.0,10491.410185665616,2475.032377308188,3977.267897190298,0,1,4
2024,1,R,VER,1,2175.0,212.449789395794,100.0,10950.122991951002,2524.9646877268187,4197.047125512128,0,1,5
2024,1,R,VER,1,2200.0,220.72931972158142,100.0,11453.377444908652,2579.994614465134,4433.796793761388,0,1,5
2024,1,R,VER,1,2225.0,229.31996530438462,100.0,11006.447216687999,2632.7533142018165,4682.079107735866,0,1,5
2024,1,R,VER,1,2250.0,235.48095694738862,100.0,10728.001952252842,2685.624565960254,4948.865332748281,0,1,6
2024,1,R,VER,1,2275.0,242.76590702482298,100.0,10901.12536033193,2720.8029890484554,5191.72669422362,0,1,6
2024,1,R,VER,1,2300.0,246.7221133893462,13.89433053269093,10793.763223194439,2749.9897872595147,5464.391624898441,0,1,6
2024,1,R,VER,1,2325.0,239.50676373059497,0.0,10300.31425239075,2753.535847432811,5643.504686242746,0,1,6
2024,1,R,VER,1,2350.0,216.14786247879852,0.0,9514.396010494062,2723.3670102543597,5887.458889664985,1,1,6
2024,1,R,VER,1,2375.0,189.63315529693395,0.0,10204.984213383668,2640.8417502115294,6129.427005601337,1,1,6
2024,1,R,VER,1,2400.0,162.42886214998634,0.0,10254.231093850593,2494.515916754724,6371.820059325714,1,1,4
2024,1,R,VER,1,2425.0,124.2539088072696,0.0,8590.795921376079,2315.9960048798234,6537.1864141629585,1,1,3
2024,1,R,VER,1,2450.0,89.34744755115408,0.0,6137.077561082423,2067.1692585168394,6607.851136130143,1,1,3
2024,1,R,VER,1,2475.0,73.9207207207211,23.445045045047706,5627.718918918939,1901.290380615209,6416.764883149001,0,1,3
2024,1,R,VER,1,2500.0,96.51241814093922,67.08267947902623,7391.2741722457795,1854.695740342711,6213.635343023417,0,1,3
2024,1,R,VER,1,2525.0,125.06354609929413,100.0,10193.407659574648,1826.6225325912721,6004.804789319707,0,1,3
2024,1,R,VER,1,2550.0,158.98344788949677,100.0,10952.751858562275,1797.658098429105,5715.957516238786,0,1,3
2024,1,R,VER,1,2575.0,180.4462568306031,100.0,11104.083306010998,1780.8406834022155,5513.4552057138135,0,1,4
2024,1,R,VER,1,2600.0,197.37273338142137,100.0,11325.699126456748,1761.83429995849,5227.284969323814,0,1,4
2024,1,R,VER,1,2625.0,208.26645081138682,100.0,10804.730037463465,1749.974878288163,5023.625419532532,0,1,4
2024,1,R,VER,1,2650.0,220.42204634289436,100.0,11383.529722504562,1735.4384609411084,4781.852976482034,0,1,5
2024,1,R,VER,1,2675.0,229.06566686050175,100.0,11420.994321509394,1720.143101184114,4496.046157650813,0,1,5
2024,1,R,VER,1,2700.0,235.81523661828368,100.0,10961.411543773873,1708.8046095276925,4270.157132849583,0,1,5
2024,1,R,VER,1,2725.0,243.43634600534864,100.0,10976.612385039762,1698.8274780673232,4046.4960401259614,0,1,6
2024,1,R,VER,1,2750.0,248.75369808479516,100.0,11193.742006456134,1683.254709462012,3711.975968094647,0,1,6
2024,1,R,VER,1,2775.0,252.77365894974608,100.0,11402.38246753248,1673.9555106380353,3541.2971726165856,0,1,6
2024,1,R,VER,1,2800.0,258.25063909572594,100.0,11549.391296941012,1659.455169933955,3227.3599532562184,0,1,6
2024,1,R,VER,1,2825.0,262.1756835336396,100.0,11690.00155252939,1651.5962861356688,3044.443882736767,0,1,6
2024,1,R,VER,1,2850.0,265.0061184435058,100.0,10629.223323187962,1638.0352145221452,2728.367228630481,0,1,7
2024,1,R,VER,1,2875.0,268.36764062588867,100.0,10751.918882844935,1629.7651986775682,2542.655764793434,0,1,7
2024,1,R,VER,1,2900.0,271.43801683268066,100.0,10828.026866110804,1615.0392056483454,2240.799603452148,0,1,7
2024,1,R,VER,1,2925.0,275.32842391304376,100.0,10907.016195652179,1600.724997122455,1944.338080793688,0,1,7
2024,1,R,VER,1,2950.0,277.400119145379,100.0,11011.606731713913,1591.8689331490261,1765.4265183909024,0,1,7
2024,1,R,VER,1,2975.0,279.0,100.0,11116.947868055695,1581.507788778834,1553.4552840234867,0,1,7
2024,1,R,VER,1,3000.0,279.28577004843225,100.0,11111.566856028554,1568.658214154914,1289.7254736616724,0,1,7
2024,1,R,VER,1,3025.0,280.0,100.0,11054.742812500006,1555.1039563823283,1032.1892838515223,0,1,7
2024,1,R,VER,1,3050.0,280.0,53.584903652035045,11019.128298733694,1542.9544075478052,806.7519803891778,0,1,7
2024,1,R,VER,1,3075.0,269.70274144479583,0.0,10467.618875577678,1528.718111532633,543.3026479540135,1,1,7
2024,1,R,VER,1,3100.0,238.89750813162703,0.0,10486.93629472395,1517.3517768609404,251.18755924496213,1,1,7
2024,1,R,VER,1,3125.0,203.17389351103964,0.0,10304.830499169037,1524.032661217283,30.32732061005541,1,1,7
2024,1,R,VER,1,3150.0,173.31530651529988,0.0,9828.573333434515,1569.1207046533295,-227.10623743726498,1,1,4
2024,1,R,VER,1,3175.0,156.57343837818183,0.0,9150.914368728487,1664.6140899987158,-436.59940767821803,0,1,4
2024,1,R,VER,1,3200.0,151.01583267240213,67.00791633620106,9386.741593964232,1890.5114563612156,-602.6549564565785,0,1,4
2024,1,R,VER,1,3225.0,160.52219372563968,76.35799302848855,9899.201354602797,2167.477313360588,-667.1373550374236,0,1,4
2024,1,R,VER,1,3250.0,171.34673230644557,97.6854252290238,10875.820017154469,2351.884712337976,-657.3954463352907,0,1,4
2024,1,R,VER,1,3275.0,185.0356415871168,100.0,11638.526042618769,2586.7486426631385,-585.9005429347445,0,1,4
2024,1,R,VER,1,3300.0,197.2929770092598,100.0,10514.96129449571,2804.842529059004,-464.95918687245177,0,1,4
2024,1,R,VER,1,3325.0,207.011251175965,100.0,10916.002951814953,3001.1662944343384,-287.88396060892603,0,1,5
2024,1,R,VER,1,3350.0,215.9361421988154,100.0,11261.626069782775,3176.330498485586,-72.75028415477706,0,1,5
2024,1,R,VER,1,3375.0,223.15970982142886,100.0,11579.55809151788,3296.6391454355908,159.92911036220437,0,1,5
2024,1,R,VER,1,3400.0,229.9053246753251,100.0,10588.0,3381.051302164551,351.2833582648023,0,1,5
2024,1,R,VER,1,3425.0,235.84428070658774,100.0,10806.961487937766,3456.961747688078,549.432953432183,0,1,6
2024,1,R,VER,1,3450.0,242.22637630546518,100.0,11026.800121898665,3592.045256120104,831.0618491830896,0,1,6
2024,1,R,VER,1,3475.0,246.2957248061736,93.81710077530548,11090.676953488875,3693.497809261035,992.9231318987013,0,1,6
2024,1,R,VER,1,3500.0,248.0,85.70836746330495,11161.133715589016,3862.106984471795,1193.6159598526583,0,1,6
2024,1,R,VER,1,3525.0,246.42930612244874,76.28534693877563,11033.717224489796,4083.7703368453763,1387.3893197632494,0,1,6
2024,1,R,VER,1,3550.0,244.0611671910855,76.0611671910855,10942.566214388782,4285.675977556366,1480.272400044537,0,1,6
2024,1,R,VER,1,3575.0,243.0,79.94566969301789,10895.983862083669,4485.809747350074,1557.8110301639572,0,1,6
2024,1,R,VER,1,3600.0,243.0,83.59996851736045,10963.19930738193,4763.289833264616,1604.3901429715893,0,1,6
2024,1,R,VER,1,3625.0,243.0,93.08100283299616,11011.957784073325,5050.625841514846,1604.0795249495854,0,1,6
2024,1,R,VER,1,3650.0,245.24306722317624,94.08102240772541,11072.072338751086,5246.0325215930325,1550.1396952655132,0,1,6
2024,1,R,VER,1,3675.0,249.04716000000033,95.0,11209.0,5552.0809159453775,1421.4391689189824,0,1,6
2024,1,R,VER,1,3700.0,250.88121999999987,66.97271999999109,11186.104320000017,5745.567627478607,1322.8600527518047,0,1,6
2024,1,R,VER,1,3725.0,246.66715064267464,0.0,11033.04065398467,5917.915489924069,1240.340224924869,0,1,6
2024,1,R,VER,1,3750.0,231.11258481894583,0.0,10704.294534892735,6225.802337412866,1088.348501458108,1,1,6
2024,1,R,VER,1,3775.0,189.02292859194927,0.0,10237.484496817438,6371.567477300978,997.4871991548836,1,1,5
2024,1,R,VER,1,3800.0,163.35862635285974,0.0,9410.775569970754,6571.230829509135,793.5279388266299,1,1,4
2024,1,R,VER,1,3825.0,143.7121081596977,0.0,8224.465272785263,6650.686242535685,595.5015956497119,1,1,4
2024,1,R,VER,1,3850.0,132.43859527069532,31.578929060429584,8057.394540946596,6656.807470030187,343.98293844460966,0,1,4
2024,1,R,VER,1,3875.0,140.66817361277643,73.00271250299758,8936.464739034105,6550.742612244571,104.21137269781391,0,1,4
2024,1,R,VER,1,3900.0,156.74906474174193,91.06148680355378,10080.563740584097,6398.2539858299615,-60.53676230132946,0,1,4
2024,1,R,VER,1,3925.0,175.61994748343682,100.0,11008.468813202613,6161.7502422784255,-228.68900827557843,0,1,4
2024,1,R,VER,1,3950.0,192.85923560893912,100.0,10729.755872451684,5974.120668581796,-331.43745722935955,0,1,4
2024,1,R,VER,1,3975.0,206.08740850066835,100.0,10883.18521251671,5684.995637914995,-482.92621991129727,0,1,5
2024,1,R,VER,1,4000.0,216.69919202675004,100.0,11195.715661136877,5543.025125345435,-556.7927602407505,0,1,5
2024,1,R,VER,1,4025.0,226.717719298246,100.0,11643.244824561423,5331.6098366809,-666.545667224344,0,1,5
2024,1,R,VER,1,4050.0,234.09323499664902,100.0,10898.624753873959,5086.616320005365,-797.116053673025,0,1,6
2024,1,R,VER,1,4075.0,240.9204913998338,100.0,10908.986756714257,4877.590144890487,-909.4590266260069,0,1,6
2024,1,R,VER,1,4100.0,246.58749574965952,100.0,11210.852956048966,4669.534000699851,-1021.3893904706,0,1,6
2024,1,R,VER,1,4125.0,253.51757699561193,100.0,11447.240848523323,4414.7278157343335,-1161.4710768862024,0,1,6
2024,1,R,VER,1,4150.0,257.96469096894845,100.0,11262.639365477076,4187.414429495337,-1287.780715699376,0,1,6
2024,1,R,VER,1,4175.0,261.7182015455463,100.0,10460.573457185214,3993.9619692264273,-1395.066067468838,0,1,7
2024,1,R,VER,1,4200.0,267.1071747211899,100.0,10681.626672862469,3824.2255610194547,-1489.7627579796886,0,1,7
2024,1,R,VER,1,4225.0,271.1567705011795,100.0,10802.567705011796,3592.2406494077586,-1618.120357505281,0,1,7
2024,1,R,VER,1,4250.0,273.9469904407546,100.0,10912.243502919237,3343.64597583438,-1757.4692178236967,0,1,7
2024,1,R,VER,1,4275.0,277.2663700133861,100.0,11029.724730388198,3057.933412244999,-1916.9694958468347,0,1,7
2024,1,R,VER,1,4300.0,279.79298932384364,100.0,11106.565142348763,2887.644367743782,-2011.4350693523522,0,1,7
2024,1,R,VER,1,4325.0,282.64780865510517,100.0,11226.094815445049,2725.6615316772904,-2101.47871058586,0,1,7
2024,1,R,VER,1,4350.0,284.7695399882016,100.0,11321.781599528062,2507.9735919181285,-2222.881359922863,0,1,7
2024,1,R,VER,1,4375.0,287.4219401041669,100.0,11404.0,2290.2086908049982,-2345.0967615589752,0,1,7
2024,1,R,VER,1,4400.0,288.91357190677354,100.0,11448.765023431903,2072.9824162991204,-2464.869531314125,0,1,7
2024,1,R,VER,1,4425.0,289.0,100.0,11483.585027957564,1844.893421001115,-2593.6148728773774,0,1,7
2024,1,R,VER,1,4450.0,289.0,94.97064960224125,11415.300069549206,1591.6329658357727,-2737.3928849276094,0,1,7
2024,1,R,VER,1,4475.0,289.0,85.23622648951827,11404.267723354787,1406.4930547674537,-2842.8583339716984,0,1,7
2024,1,R,VER,1,4500.0,284.3554019129331,19.201527099885368,11050.236445701736,1200.7272588164833,-2960.546088386951,0,1,7
2024,1,R,VER,1,4525.0,275.24296146838225,0.0,10625.834785357916,989.8723704903922,-3081.1303854786092,0,1,7
2024,1,R,VER,1,4550.0,244.38192930081547,0.0,9743.669323365371,769.536094730667,-3206.1732091580798,1,1,7
2024,1,R,VER,1,4575.0,206.1414947384902,0.0,9906.442731389005,537.8311573162955,-3335.0834631493904,1,1,7
2024,1,R,VER,1,4600.0,169.19455631395118,0.0,9858.349019174231,312.16417507750657,-3443.2608969720977,1,1,5
2024,1,R,VER,1,4625.0,141.7993280298083,0.0,8000.183872715398,68.75885060904918,-3497.8585508486144,1,1,4
2024,1,R,VER,1,4650.0,125.70072370788444,0.0,7393.302681826579,-168.17153689227982,-3460.7432601790047,0,1,4
2024,1,R,VER,1,4675.0,122.30029552443447,50.3343184147816,7712.0975982241425,-364.3805020592238,-3272.347504338595,0,1,4
2024,1,R,VER,1,4700.0,140.17243078623966,91.02873846437328,9019.273261812023,-491.45932635595136,-3033.327821550434,0,1,4
2024,1,R,VER,1,4725.0,162.40866605784018,100.0,10337.478686250724,-544.3773986296989,-2836.5392136038736,0,1,4
2024,1,R,VER,1,4750.0,181.36760861251977,100.0,11298.599381660988,-576.6179504260955,-2560.5253214513214,0,1,4
2024,1,R,VER,1,4775.0,197.8069547549712,100.0,11497.347479884638,-575.9972873287168,-2371.829412367407,0,1,4
2024,1,R,VER,1,4800.0,209.18925734080108,100.0,10845.408033028663,-565.9687042314631,-2126.546258545191,0,1,5
2024,1,R,VER,1,4825.0,219.05569845821842,100.0,11405.884665686128,-550.9950479784654,-1887.220496204365,0,1,5
2024,1,R,VER,1,4850.0,228.70777030647542,100.0,11563.943410888947,-533.5255729338455,-1595.2924682084329,0,1,5
2024,1,R,VER,1,4875.0,235.0,100.0,10657.0,-516.5477986175009,-1298.3566483828818,0,1,6
2024,1,R,VER,1,4900.0,240.49202868852507,100.0,10882.173176229528,-506.61379264770545,-1121.5857871207313,0,1,6
2024,1,R,VER,1,4925.0,248.00200572445294,100.0,11199.944248604814,-495.27536831450936,-893.9566296611681,0,1,6
2024,1,R,VER,1,4950.0,253.57439919242395,100.0,11428.200784252265,-481.3393740961914,-647.0416816219724,0,1,6
2024,1,R,VER,1,4975.0,257.91749325506447,100.0,11558.307034599447,-465.30064120819526,-357.02744915927684,0,1,6
2024,1,R,VER,1,5000.0,262.5765525982256,100.0,10631.565272496835,-453.6489162080259,-144.2072476726711,0,1,6
2024,1,R,VER,1,5025.0,265.52930663673993,100.0,10604.023051522765,-436.7830242493106,169.25938761453392,0,1,7
2024,1,R,VER,1,5050.0,268.4392416566761,100.0,10747.331372539522,-427.5198857120824,351.92853695310845,0,1,7
2024,1,R,VER,1,5075.0,271.83693228929445,100.0,10876.640359282483,-414.358809498175,595.2640084534704,0,1,7
2024,1,R,VER,1,5100.0,274.1464131470392,100.0,10964.519793586152,-401.5768321380981,846.8066280100034,0,1,7
2024,1,R,VER,1,5125.0,276.9421810626295,100.0,11016.15637874741,-388.95041028101724,1098.946231482384,0,1,7
2024,1,R,VER,2,0.0,277.87916693333335,100.0,11089.729189333333,-381.33671636347356,1267.896353040106,0,1,7
2024,1,R,VER,2,25.0,280.4581506879302,100.0,11139.158630268928,-368.93324601446307,1515.4642608495315,0,1,7
2024,1,R,VER,2,50.0,282.07864688128774,100.0,11167.876106639838,-356.66376339344026,1793.6646752459565,0,1,7
2024,1,R,VER,2,75.0,284.29844345894463,100.0,11287.0,-346.28033290147107,2027.3956359281292,0,1,7
2024,1,R,VER,2,100.0,285.5622797866545,100.0,11333.669222292327,-334.047485546009,2341.4162085259063,0,1,7
2024,1,R,VER,2,125.0,286.9747686419131,100.0,11359.277544938956,-326.582258771423,2527.138034291314,0,1,7
2024,1,R,VER,2,150.0,287.7013265349987,100.0,11421.418061614888,-315.0531073725207,2765.937852549586,0,1,7
2024,1,R,VER,2,175.0,289.12631013745704,100.0,11451.41037371134,-297.97052131059644,3126.465897389203,0,1,7
2024,1,R,VER,2,200.0,291.0,100.0,11501.683677745274,-290.93984162169943,3282.825907173757,0,1,7
2024,1,R,VER,2,225.0,291.327072690195,100.0,11509.372416439164,-281.75495542548197,3514.906832893657,0,1,7
2024,1,R,VER,2,250.0,292.0,100.0,11366.06874461929,-272.0741493882452,3764.210048368538,0,1,7
2024,1,R,VER,2,275.0,292.8925061210949,100.0,10526.715005186532,-262.9918381911551,4010.7314197057412,0,0,8
2024,1,R,VER,2,300.0,292.2543956546849,100.0,10485.815934820273,-253.56300072504155,4273.149854426946,0,0,8
2024,1,R,VER,2,325.0,292.89410166553154,100.0,10495.411524982974,-244.5641143639013,4531.263377434775,0,0,8
2024,1,R,VER,2,350.0,294.0,100.0,10515.347160562145,-236.06136960490403,4762.033255994121,0,0,8
2024,1,R,VER,2,375.0,294.0,100.0,10513.103953685024,-228.1769769205845,5001.141540232497,0,0,8
2024,1,R,VER,2,400.0,294.0,100.0,10496.629165083934,-220.02739939221948,5235.581633491491,0,0,8
2024,1,R,VER,2,425.0,293.551594540421,100.0,10501.587243676631,-212.36913768505187,5485.966111467309,0,0,8
2024,1,R,VER,2,450.0,292.8812711837761,100.0,10485.816101241935,-203.58777484139944,5726.643973716994,0,0,8
2024,1,R,VER,2,475.0,292.0250454466564,100.0,10340.257725931593,-192.04439656715792,6097.159953333954,0,0,8
2024,1,R,VER,2,500.0,290.6307001048428,100.0,10288.074503669499,-183.79016892787786,6382.851659289397,0,0,8
2024,1,R,VER,2,525.0,289.5215782391388,53.59308919646288,10152.135620915033,-179.1341038509817,6577.298518990318,0,0,8
2024,1,R,VER,2,550.0,286.3020523291418,1.6510261645708875,9818.009739618201,-173.92988827345317,6786.728817323683,0,0,8
2024,1,R,VER,2,575.0,276.64760811695584,0.0,9327.020232307874,-166.99564948094795,7036.530803834072,0,0,8
2024,1,R,VER,2,600.0,251.54242966365888,0.0,8661.386771719384,-158.1657876206841,7299.490442344418,1,0,8
2024,1,R,VER,2,625.0,210.37747595396874,0.0,8829.619902757466,-145.85950488429455,7616.863011917643,1,0,8
2024,1,R,VER,2,650.0,180.3332711896859,0.0,9817.445138381841,-137.58854108634503,7793.760129568508,1,0,8
2024,1,R,VER,2,675.0,120.95196577067628,0.0,8444.757603527263,-116.70642974065731,8038.244624143511,1,0,3
2024,1,R,VER,2,700.0,84.0,0.0,5517.347652008611,-27.949064943378232,8273.329301411115,1,0,3
2024,1,R,VER,2,725.0,65.62355212559635,21.0,4934.0,212.65191010288922,8321.36929900312,0,0,3
2024,1,R,VER,2,750.0,88.88288860275152,52.56517012238464,6413.713722860706,390.91522597543934,8173.393251427016,0,0,3
2024,1,R,VER,2,775.0,123.33516975030105,85.0,9224.735425023415,553.2956888586398,8010.7248080549025,0,0,3
2024,1,R,VER,2,800.0,145.9762838667959,81.42348940002769,10564.202199390334,760.8092541245458,7894.912680676985,0,0,3
2024,1,R,VER,2,825.0,162.5763015284595,92.23734275122712,10298.360131538797,1008.5259506905676,7864.4358507875495,0,0,4
2024,1,R,VER,2,850.0,178.87143747693852,100.0,11124.008588185352,1246.0498376350245,7898.043213549452,0,0,4
2024,1,R,VER,2,875.0,193.74509743634795,100.0,11328.878459466185,1484.0358507944184,7954.835568226356,0,0,4
2024,1,R,VER,2,900.0,202.66229826689553,100.0,10733.334940944751,1719.5184687681287,8029.1784195820255,0,0,5
2024,1,R,VER,2,925.0,211.32037765156053,100.0,11012.356695305516,1960.3921385513781,8068.817778826822,0,0,5
2024,1,R,VER,2,950.0,219.80140768521426,100.0,11269.870925791583,2227.538611373363,8064.203736276082,0,0,5
2024,1,R,VER,2,975.0,228.33213591723148,100.0,11004.306719184884,2504.643281594061,8040.341305124659,0,0,5
2024,1,R,VER,2,1000.0,234.84012924359567,100.0,10720.723457266184,2720.159761315861,8007.110385980024,0,0,6
2024,1,R,VER,2,1025.0,241.36621129707575,100.0,10942.028825314022,2963.871761729045,7957.516114673231,0,0,6
2024,1,R,VER,2,1050.0,247.3667499512562,100.0,11135.27842726231,3205.6816974341677,7908.561892165579,0,0,6
2024,1,R,VER,2,1075.0,251.14097377232147,100.0,11341.81947544643,3542.4041183205854,7839.908004995508,0,0,6
2024,1,R,VER,2,1100.0,256.65838315508057,100.0,11470.602391443867,3701.8409385962677,7807.445618246495,0,0,6
2024,1,R,VER,2,1125.0,259.9877540655767,100.0,11289.843665245538,3937.2621653969004,7760.071644467966,0,0,6
2024,1,R,VER,2,1150.0,261.25084526738317,100.0,10812.71228602874,4224.128807777145,7701.97432189467,0,0,6
2024,1,R,VER,2,1175.0,262.9608782455332,100.0,10483.530937734857,4484.913091057406,7649.986418345624,0,0,7
2024,1,R,VER,2,1200.0,265.4554691695608,100.0,10595.0902547237,4682.049646005311,7610.758355088497,0,0,7
2024,1,R,VER,2,1225.0,268.69561115079625,100.0,10718.042315939227,4913.874225406513,7564.808388273742,0,0,7
2024,1,R,VER,2,1250.0,270.4938879234432,100.0,10753.51833622967,5236.016440630861,7502.187045903846,0,0,7
2024,1,R,VER,2,1275.0,271.0,100.0,10783.481157007884,5425.945159348664,7466.2869192835715,0,0,7
2024,1,R,VER,2,1300.0,271.6164437269373,100.0,10804.835170664208,5647.7963563140365,7424.043058557023,0,0,7
2024,1,R,VER,2,1325.0,271.96922830203994,100.0,10824.015466032683,5894.803328792218,7378.243140941437,0,0,7
2024,1,R,VER,2,1350.0,270.65435253255043,41.358813313760656,10664.76773487618,6140.78578865986,7333.592146872892,0,0,7
2024,1,R,VER,2,1375.0,262.4377780938243,0.0,10150.266685629458,6456.700956474649,7275.779619292162,0,0,7
2024,1,R,VER,2,1400.0,238.89930334776625,0.0,9696.920579108499,6709.744088565064,7229.333798605494,1,0,7
2024,1,R,VER,2,1425.0,202.2332817936999,0.0,9725.877574683489,6920.339090293722,7190.255000162498,1,0,6
2024,1,R,VER,2,1450.0,161.6925161290321,0.0,9355.378290322571,7196.344283448489,7110.398654285711,1,0,4
2024,1,R,VER,2,1475.0,135.5562051306425,0.0,7761.86871828995,7388.309876348951,6990.162469990462,1,0,4
2024,1,R,VER,2,1500.0,118.55648479241626,7.548121660669926,7079.069737635391,7492.855730051015,6775.977849686006,0,0,4
2024,1,R,VER,2,1525.0,120.33363724691036,44.667046558637935,7456.68368582698,7463.748051038278,6521.531509887769,0,0,4
2024,1,R,VER,2,1550.0,131.0701522757353,62.210456827205874,8128.939618050552,7339.403659662836,6299.67165869204,0,0,4
2024,1,R,VER,2,1575.0,148.28773306605947,84.95153893228456,9407.583013294694,7182.722300052619,6145.659520711421,0,0,4
2024,1,R,VER,2,1600.0,169.86392897460303,100.0,10816.089900439145,7037.176504398273,6032.008816084563,0,0,4
2024,1,R,VER,2,1625.0,185.16313169750478,100.0,11364.665553077157,6840.46012797672,5896.742207643384,0,0,4
2024,1,R,VER,2,1650.0,198.63514393726808,100.0,10645.619773173705,6639.741448043933,5750.765418119428,0,0,4
2024,1,R,VER,2,1675.0,210.07037037037057,100.0,10985.22685185186,6412.631657426875,5572.883091348482,0,0,5
2024,1,R,VER,2,1700.0,222.5046386997699,100.0,11510.496443789547,6261.886343804058,5433.686016803849,0,0,5
2024,1,R,VER,2,1725.0,230.64916604699764,100.0,10997.717773274038,6057.461323306931,5199.4186539713655,0,0,5
2024,1,R,VER,2,1750.0,235.9288209935766,100.0,10707.46583225058,5934.995673465477,5036.907803853312,0,0,6
2024,1,R,VER,2,1775.0,236.26905943007185,23.13911098617794,10497.48911586069,5778.674216690831,4792.921461906265,1,0,6
2024,1,R,VER,2,1800.0,218.63120197396273,0.0,9475.386998695647,5665.1731195451375,4609.047144287681,1,0,6
2024,1,R,VER,2,1825.0,200.8431887193295,0.0,9501.77073575455,5506.744011940551,4415.945950165246,1,0,6
2024,1,R,VER,2,1850.0,186.25341456718976,8.119878149215346,9302.003046269618,5310.291454572641,4268.625935916096,1,0,5
2024,1,R,VER,2,1875.0,180.67778294936545,57.49436428483566,9378.305077183697,5057.689438792144,4191.583443772436,0,0,5
2024,1,R,VER,2,1900.0,185.17478439646413,81.9952224566484,9843.924490251644,4823.019944542662,4185.327680887317,0,0,5
2024,1,R,VER,2,1925.0,197.45910075436495,88.28016349920637,10183.369127302776,4578.641512932564,4189.726603942914,0,0,5
2024,1,R,VER,2,1950.0,204.12588287000335,61.244702779979875,10441.86455334901,4325.50900628594,4166.529109145943,0,0,5
2024,1,R,VER,2,1975.0,207.12010628184996,65.89382931529978,9516.166521217265,4093.0830161966564,4097.3139587840315,0,0,5
2024,1,R,VER,2,2000.0,211.24931917609848,92.99727670439398,9729.031011894556,3877.2348717253,3985.5303237681915,0,0,6
2024,1,R,VER,2,2025.0,218.95329013595224,100.0,10022.917148972847,3686.6542946398617,3830.9088327175045,0,0,6
2024,1,R,VER,2,2050.0,225.33056768558973,100.0,10352.148471615727,3516.4158662570217,3625.0631898267343,0,0,6
2024,1,R,VER,2,2075.0,229.98761332741608,51.11314029290379,10276.673861038476,3380.03471259163,3423.345193986657,0,0,6
2024,1,R,VER,2,2100.0,222.93181714779328,0.7555096105391905,9981.400122669349,3249.1684603712224,3208.3364428050604,0,0,6
2024,1,R,VER,2,2125.0,202.77747486869217,0.1447719657179447,9687.635315510332,3099.9882670482752,2960.4047825312746,1,0,6
2024,1,R,VER,2,2150.0,164.55909701383467,0.0,9923.908644567784,2965.574097231627,2765.090656497813,1,0,5
2024,1,R,VER,2,2175.0,124.99851510135088,0.0,8539.702295046978,2770.4335907804557,2539.5154918846088,1,0,3
2024,1,R,VER,2,2200.0,91.37315091928836,0.0,6184.492005137802,2569.9301807877173,2458.7084989371974,1,0,3
2024,1,R,VER,2,2225.0,76.21824076278425,19.091203813921226,5732.952734203855,2363.900492491383,2595.921721462253,0,0,3
2024,1,R,VER,2,2250.0,88.20834269034769,48.291679766486766,7122.000494050358,2294.8360433779794,2816.372206159204,0,0,3
2024,1,R,VER,2,2275.0,115.51892343144448,86.76486841042066,9004.884054212995,2293.1836172116614,3023.1006913747424,0,0,3
2024,1,R,VER,2,2300.0,146.44832455307113,100.0,10949.625753519396,2323.5124981869926,3256.7369603924044,0,0,3
2024,1,R,VER,2,2325.0,168.1081862920295,100.0,10884.949594891828,2370.13208949762,3494.815237961779,0,0,3
2024,1,R,VER,2,2350.0,188.53961538461613,100.0,11322.193974359034,2423.979157765779,3740.517591879936,0,0,4
2024,1,R,VER,2,2375.0,200.59860984910745,100.0,11025.000876803975,2470.3132297034504,3958.430915291083,0,0,4
2024,1,R,VER,2,2400.0,211.84102241283938,100.0,11076.46252275105,2525.079434019892,4199.411549617155,0,0,5
2024,1,R,VER,2,2425.0,220.31793668378083,100.0,11479.31023245975,2580.42360251221,4433.634461564848,0,0,5
2024,1,R,VER,2,2450.0,230.0800976802095,100.0,11586.308180694654,2643.181108724228,4727.911070582827,0,0,5
2024,1,R,VER,2,2475.0,237.70825266523073,100.0,10736.750169084682,2682.020758433804,4940.073924810967,0,0,6
2024,1,R,VER,2,2500.0,242.35223370747727,94.97164943878407,10976.368557295807,2722.016593398824,5188.428557251508,0,0,6
2024,1,R,VER,2,2525.0,245.9322345000548,1.9806384285870842,10748.088962574591,2745.3498310962013,5405.586282886541,0,0,6
2024,1,R,VER,2,2550.0,236.48942307692266,0.0,10310.34134615384,2751.127071951756,5697.609276423179,1,0,6
2024,1,R,VER,2,2575.0,214.67457635301417,0.0,9811.495312690822,2707.9108101904726,5942.568218499062,1,0,6
2024,1,R,VER,2,2600.0,183.84380042245056,0.0,10613.867307917915,2587.8259401483015,6233.434030119818,1,0,5
2024,1,R,VER,2,2625.0,153.3965062369828,0.0,9995.581922039251,2467.546710706156,6404.787562660473,1,0,4
2024,1,R,VER,2,2650.0,119.00729365562569,0.0,8106.890236215284,2265.655176902922,6570.156878719106,1,0,3
2024,1,R,VER,2,2675.0,83.65660886504116,0.0,5647.709424254423,2041.1649215112861,6599.452604480245,1,0,3
2024,1,R,VER,2,2700.0,76.46355216031952,31.195328240479288,5822.426702068038,1892.6377922957479,6391.0255197657025,0,0,3
2024,1,R,VER,2,2725.0,96.46450471698464,74.79882075471889,7784.352476415279,1845.235877125207,6151.369477088795,0,0,3
2024,1,R,VER,2,2750.0,131.55935648353218,96.63983912088305,10285.046300132886,1811.2862360398185,5861.785506111863,0,0,3
2024,1,R,VER,2,2775.0,162.64708588957146,100.0,11052.111963189995,1793.0182857504037,5663.184156376502,0,0,3
2024,1,R,VER,2,2800.0,182.31050735604637,100.0,11207.31549842493,1773.8853817282727,5416.26373870199,0,0,4
2024,1,R,VER,2,2825.0,196.81815181518303,100.0,10860.820132013103,1757.1009996244757,5155.702655502447,0,0,5
2024,1,R,VER,2,2850.0,210.86259388589906,100.0,10963.44777144601,1744.554853874947,4943.273639801462,0,0,5
2024,1,R,VER,2,2875.0,219.91406611793127,100.0,11220.0,1726.3274982162511,4611.675790741318,0,0,5
2024,1,R,VER,2,2900.0,228.82576030874563,100.0,11155.825399554322,1717.1441027231492,4436.648587389787,0,0,5
2024,1,R,VER,2,2925.0,237.49659359143732,100.0,10756.229376033945,1705.9472815101367,4198.260824008052,0,0,6
2024,1,R,VER,2,2950.0,244.17885222587708,100.0,11041.895932656245,1695.4916817693752,3969.850636994083,0,0,6
2024,1,R,VER,2,2975.0,249.54160714285737,100.0,11199.315892857156,1683.521882842462,3724.6157618518364,0,0,6
2024,1,R,VER,2,3000.0,254.72317345743159,100.0,11441.991864374464,1669.4861075006643,3444.6133641460287,0,0,6
2024,1,R,VER,2,3025.0,259.20162669394676,100.0,10926.181724110329,1657.5614957246628,3182.4758973919056,0,0,6
2024,1,R,VER,2,3050.0,263.11064141435827,100.0,10489.310787889195,1648.8739016416705,2978.5051639896747,0,0,6
2024,1,R,VER,2,3075.0,266.46936172033594,100.0,10641.71319225411,1638.1032290249204,2729.900849800788,0,0,7
2024,1,R,VER,2,3100.0,269.43542103864974,100.0,10759.11057843004,1626.28783154606,2480.908988198007,0,0,7
2024,1,R,VER,2,3125.0,272.5144809937548,100.0,10791.632443354609,1614.6771752194297,2235.483875566389,0,0,7
2024,1,R,VER,2,3150.0,275.0,100.0,10880.97432845625,1599.5149280178812,1924.5563461093889,0,0,7
2024,1,R,VER,2,3175.0,276.2731705042704,100.0,10956.204866222062,1591.2303134226852,1748.708129937114,0,0,7
2024,1,R,VER,2,3200.0,277.0,100.0,11022.51723550439,1575.5367745016513,1435.238318840845,0,0,7
2024,1,R,VER,2,3225.0,277.0,100.0,11007.399151624544,1561.4690639380458,1160.1257124735619,0,0,7
2024,1,R,VER,2,3250.0,277.9601189595925,100.0,10983.837501848559,1552.6718877952228,983.0880772657873,0,0,7
2024,1,R,VER,2,3275.0,275.73678164223793,70.40471294436527,10872.216783941998,1539.1323164238556,748.1821314477493,0,0,7
2024,1,R,VER,2,3300.0,259.45692265572535,0.0,10192.158454939698,1525.414669578495,491.8038574016975,1,0,7
2024,1,R,VER,2,3325.0,222.7759616586739,0.0,10572.975106850963,1517.9121825050202,173.66398899917212,1,0,7
2024,1,R,VER,2,3350.0,195.07775855465374,0.0,10572.0,1529.6891816163163,-19.71387339228648,1,0,5
2024,1,R,VER,2,3375.0,169.6835475462651,0.0,9858.390207621052,1587.704388005447,-282.27636647676263,1,0,4
2024,1,R,VER,2,3400.0,158.13377205821737,4.199012869010931,9296.370624948475,1697.8595431149383,-470.65646453464706,0,0,4
2024,1,R,VER,2,3425.0,154.971684140675,56.37108781243333,9444.332345941033,1908.3569548054804,-604.5453567353989,0,0,4
2024,1,R,VER,2,3450.0,158.0,71.7730605672821,10017.168494576888,2194.875028952904,-668.410530450215,0,0,4
2024,1,R,VER,2,3475.0,171.62147936406163,91.67555374062425,10751.317678864021,2399.5845014242536,-648.2664766375929,0,0,4
2024,1,R,VER,2,3500.0,186.0468620174359,100.0,11435.611163428888,2632.6669534451016,-565.4358946853929,0,0,4
2024,1,R,VER,2,3525.0,195.98261801805776,100.0,10789.956009006823,2847.4804099488306,-433.73907224949744,0,0,4
2024,1,R,VER,2,3550.0,206.52357142857267,100.0,10904.58722222225,3015.339745076258,-278.7755973712139,0,0,5
2024,1,R,VER,2,3575.0,216.10749510423744,100.0,11241.37265889545,3168.617014788527,-82.8135629278759,0,0,5
2024,1,R,VER,2,3600.0,224.17500000000084,100.0,11498.931250000047,3293.3328643176596,147.19890387822335,0,0,5
2024,1,R,VER,2,3625.0,231.40852905670704,100.0,10787.882982126455,3400.019703501548,399.04068926145766,0,0,5
2024,1,R,VER,2,3650.0,234.0,100.0,10676.674102564139,3474.4125988861397,591.2834994396633,0,0,6
2024,1,R,VER,2,3675.0,241.86308920723937,100.0,10934.423669607953,3623.3427671623995,879.971269060617,0,0,6
2024,1,R,VER,2,3700.0,246.00167819950096,86.99160900249527,11117.848962044915,3736.1666948531556,1051.2947831394386,0,0,6
2024,1,R,VER,2,3725.0,246.69636289196322,78.05271759552194,11064.436452964414,3887.0184542502966,1221.1496345877617,0,0,6
2024,1,R,VER,2,3750.0,244.92288124236987,68.46144062118493,10949.27158921724,4099.550941593996,1389.0427884447174,0,0,6
2024,1,R,VER,2,3775.0,243.07210828012919,71.71156687948321,10819.363289814379,4294.1235942820995,1485.4235191922482,0,0,6
2024,1,R,VER,2,3800.0,241.2781626113193,80.33102433208424,10887.65512166042,4530.10452048344,1570.5223797276656,0,0,6
2024,1,R,VER,2,3825.0,241.0,83.8059253200009,10860.091883359953,4774.437611530556,1612.2312139793228,0,0,6
2024,1,R,VER,2,3850.0,242.50288070595903,90.00576141191803,10943.635393180073,5022.774882131202,1603.5046355259153,0,0,6
2024,1,R,VER,2,3875.0,243.87959680767068,94.0,10996.9743021019,5265.323898419752,1543.6096893128447,0,0,6
2024,1,R,VER,2,3900.0,246.18384615384642,91.8161538461536,11151.398461538478,5499.076072364475,1446.758365775297,0,0,6
2024,1,R,VER,2,3925.0,247.8343108202478,73.47947277479622,11076.85337696283,5729.7960953862985,1331.7294486548326,0,0,6
2024,1,R,VER,2,3950.0,241.56668577454275,0.0,10858.838455266063,5987.705228699227,1206.5115735970883,1,0,6
2024,1,R,VER,2,3975.0,218.7474052401614,0.0,9875.980301499583,6203.583623353579,1100.431751976654,1,0,6
2024,1,R,VER,2,4000.0,182.32608491930515,0.0,10156.826038063324,6413.383992139336,963.3028978601752,1,0,5
2024,1,R,VER,2,4025.0,156.76017361413085,0.0,8964.867335197028,6583.821520058718,778.8780482457227,1,0,4
2024,1,R,VER,2,4050.0,145.04257719500688,0.0,8216.527174829542,6661.8827238856065,526.0368975570073,1,0,4
2024,1,R,VER,2,4075.0,132.97734476418262,26.3851390088954,8108.165159832577,6645.0991768535005,299.0420949068193,0,0,4
2024,1,R,VER,2,4100.0,139.14832120982186,66.34608282291764,8841.154406905536,6525.061813012923,68.40724450235726,0,0,4
2024,1,R,VER,2,4125.0,154.71207310112754,94.852164477537,10090.110508287085,6359.272234679561,-93.13107262333486,0,0,4
2024,1,R,VER,2,4150.0,171.79574272388535,100.0,11003.157842357845,6157.029377547969,-226.27828290268604,0,0,4
2024,1,R,VER,2,4175.0,185.10056078284344,100.0,11836.23551114933,5931.0410591117825,-354.56496942494016,0,0,4
2024,1,R,VER,2,4200.0,205.70499495846235,100.0,10812.932330388268,5715.819649053965,-466.4769895179978,0,0,5
2024,1,R,VER,2,4225.0,217.8317496531332,100.0,11298.914481269192,5499.687243544626,-578.5677778654492,0,0,5
2024,1,R,VER,2,4250.0,227.5129004635729,100.0,11300.630227656282,5281.280751624314,-692.7680595190719,0,0,5
2024,1,R,VER,2,4275.0,233.7404335569592,100.0,10722.011687244607,5040.839254263624,-821.2095934869379,0,0,6
2024,1,R,VER,2,4300.0,241.4737053079004,100.0,10978.579284926407,4843.836354603801,-926.7203367278184,0,0,6
2024,1,R,VER,2,4325.0,248.84376834243892,100.0,11196.081921333263,4626.522599809577,-1045.4271190107333,0,0,6
2024,1,R,VER,2,4350.0,253.92544302784964,100.0,11462.228353782377,4404.493660301906,-1167.4156622849166,0,0,6
2024,1,R,VER,2,4375.0,259.7325043594817,100.0,11606.981878828108,4211.102015372528,-1274.0413568798606,0,0,6
2024,1,R,VER,2,4400.0,263.06231472963924,100.0,10627.785165593454,3953.07450848164,-1417.5275763229602,0,0,6
2024,1,R,VER,2,4425.0,267.7270563489129,100.0,10686.560909996302,3777.1629963635055,-1515.4031606152616,0,0,7
2024,1,R,VER,2,4450.0,270.6945316567179,100.0,10827.821493932872,3523.890627189828,-1656.2203190991893,0,0,7
2024,1,R,VER,2,4475.0,275.2819017249967,100.0,10946.618857812293,3262.274751921728,-1802.3203843979907,0,0,7
2024,1,R,VER,2,4500.0,278.0466845878147,100.0,11080.690456989274,3074.691546386404,-1906.7182589503434,0,0,7
2024,1,R,VER,2,4525.0,281.0338937890876,100.0,11151.101592552652,2902.9128350008255,-2002.6002794387896,0,0,7
2024,1,R,VER,2,4550.0,283.6789408346875,100.0,11239.318162970156,2581.4451039857186,-2182.2846708541642,0,0,7
2024,1,R,VER,2,4575.0,285.4178737021502,100.0,11350.968569192459,2417.532226289953,-2273.5813646024794,0,0,7
2024,1,R,VER,2,4600.0,286.9415404371068,100.0,11346.341476231133,2240.842591216714,-2371.9371519162587,0,0,7
2024,1,R,VER,2,4625.0,288.0,100.0,11350.999998153578,1955.4507155503659,-2531.4645219714725,0,0,7
2024,1,R,VER,2,4650.0,288.3754419810816,100.0,11405.133397640551,1802.6885759674235,-2617.848248181548,0,0,7
2024,1,R,VER,2,4675.0,289.0,100.0,11413.759345933446,1585.7167970271314,-2740.1338370367507,0,0,7
2024,1,R,VER,2,4700.0,289.0,100.0,11402.077645649213,1274.1037067989796,-2919.186097360232,0,0,7
2024,1,R,VER,2,4725.0,285.14216390467976,0.0,11004.749145971857,1122.2074114250856,-3005.9883718173305,0,0,7
2024,1,R,VER,2,4750.0,276.69210378334515,0.0,10542.986745917435,935.0394300753612,-3111.896150915781,1,0,7
2024,1,R,VER,2,4775.0,249.03130398230454,0.0,9964.632636530174,681.035055882783,-3255.9583752744843,1,0,7
2024,1,R,VER,2,4800.0,205.26923076921875,0.0,9946.800000000263,491.17731805866987,-3359.799397342729,1,0,7
2024,1,R,VER,2,4825.0,158.40913564013707,0.0,9548.312394002023,248.54283436428886,-3465.539008592092,1,0,4
2024,1,R,VER,2,4850.0,136.05490056817635,0.0,7900.326704545089,-21.995688350796136,-3498.4219413921874,1,0,4
2024,1,R,VER,2,4875.0,122.20112301916734,0.0,7086.51454795507,-229.36415553875648,-3421.7972395088937,0,0,4
2024,1,R,VER,2,4900.0,118.27847220314541,53.880972134468905,7589.697358131314,-394.071398990517,-3225.5993711589736,0,0,4
2024,1,R,VER,2,4925.0,140.88855574325018,100.0,9167.768116554254,-498.466175090615,-3013.597938622637,0,0,4
2024,1,R,VER,2,4950.0,162.12051445126573,100.0,10501.576155394212,-549.818760697945,-2816.1787465838,0,0,4
2024,1,R,VER,2,4975.0,183.87761904762166,100.0,11464.239285714462,-577.6986167040558,-2496.4105801359415,0,0,4
2024,1,R,VER,2,5000.0,200.61776701381288,100.0,10913.644591165053,-574.295568057669,-2308.8014187899844,0,0,4
2024,1,R,VER,2,5025.0,211.0056072450469,100.0,11049.728454633803,-563.3365612923159,-2080.959176070468,0,0,5
2024,1,R,VER,2,5050.0,221.64692817002975,100.0,11501.921389639827,-548.0763230083422,-1835.8649797162952,0,0,5
2024,1,R,VER,2,5075.0,227.91792130152146,100.0,11315.645752633052,-531.8633652821576,-1562.8498828531112,0,0,5
2024,1,R,VER,2,5100.0,238.38230414807072,100.0,10721.432964710795,-518.014500744554,-1317.2337051580198,0,0,6
2024,1,R,VER,2,5125.0,245.08145778318362,100.0,11061.442019770708,-506.05745729479895,-1097.045712589397,0,0,6
2024,1,R,VER,2,5150.0,249.86783527392157,100.0,11258.014349167255,-491.5708039135931,-835.640108411439,0,0,6
2024,1,R,VER,2,5175.0,255.1950191713009,100.0,11425.165901051145,-476.56698673567854,-561.772747977892,0,0,6
2024,1,R,VER,2,5200.0,259.46822418941815,100.0,11522.653456057991,-464.0420551544047,-333.68840914099,0,0,6
2024,1,R,VER,2,5225.0,262.66175991309103,100.0,10727.25972297648,-448.59557393306795,-57.73350304021545,0,0,7
2024,1,R,VER,2,5250.0,266.1491573033713,100.0,10641.739325842733,-436.97350257907516,172.86480896755995,0,0,7
2024,1,R,VER,2,5275.0,269.85086961271594,100.0,10763.81855173794,-422.14593860732566,455.2758126632543,0,0,7
2024,1,R,VER,2,5300.0,272.9612993634962,100.0,10873.606777085864,-411.7296780484865,657.6502468900209,0,0,7
2024,1,R,VER,2,5325.0,276.0,100.0,10992.581620589697,-398.71076720409735,906.5761108060872,0,0,7
2024,1,R,VER,2,5350.0,277.78434584966186,100.0,11073.497353093462,-386.8663874232304,1139.9146835274641,0,0,7
2024,1,R,LEC,1,0.0,0.0,37.0,10414.0,-284.0624826061566,3471.618424594552,1,1,1
2024,1,R,LEC,1,25.0,74.04593128390597,60.87160940325498,9230.218444846294,-274.4499955609706,3701.198469520079,0,1,1
2024,1,R,LEC,1,50.0,117.59669731731958,82.54622630897595,10475.764623755753,-265.80292667115054,3937.870897682122,0,1,1
2024,1,R,LEC,1,75.0,144.61411335578003,92.21526374859708,10513.62059483726,-257.57950840687795,4167.729936537119,0,1,3
2024,1,R,LEC,1,100.0,169.86253764460218,99.0,10942.844404816871,-248.67267199242974,4424.744356761981,0,1,3
2024,1,R,LEC,1,125.0,186.8492272721733,99.0,11593.725303112169,-240.0300337747154,4666.5442601555815,0,1,4
2024,1,R,LEC,1,150.0,202.20601608597977,99.0,10813.542742097517,-232.29205678176774,4891.8168500613465,0,1,5
2024,1,R,LEC,1,175.0,214.37675451638523,99.0,11516.811336517376,-224.03090772218493,5136.8202191623295,0,1,5
2024,1,R,LEC,1,200.0,225.32957487375904,99.0,11519.403324743225,-215.19841272170913,5380.675710799889,0,1,5
2024,1,R,LEC,1,225.0,234.0269521276488,99.0,10781.185893616546,-207.2230446723512,5630.556229584398,0,1,6
2024,1,R,LEC,1,250.0,243.31946721311476,99.0,11152.04524590164,-198.75294159503616,5878.33343668342,0,1,6
2024,1,R,LEC,1,275.0,248.91704985048383,99.0,11507.210410436826,-191.63038514374887,6111.088411361562,0,1,6
2024,1,R,LEC,1,300.0,254.24595788027722,99.0,11575.606555798386,-184.72134973528975,6370.288043825953,0,1,6
2024,1,R,LEC,1,325.0,257.0814899757474,99.0,10864.157409167392,-177.80666723201097,6637.7415179658055,0,1,6
2024,1,R,LEC,1,350.0,260.69003146473904,99.0,10498.180692224258,-170.7529451661482,6890.709907132435,0,1,7
2024,1,R,LEC,1,375.0,260.2488738149754,53.60641794709423,10400.897707039509,-163.65575495947562,7140.222547849273,0,1,7
2024,1,R,LEC,1,400.0,234.26367249938554,0.0,10467.639573669321,-153.83132313359275,7420.313311296729,1,1,7
2024,1,R,LEC,1,425.0,202.37344650470286,0.0,11332.967831135382,-143.56438299424656,7670.584004964142,1,1,6
2024,1,R,LEC,1,450.0,155.1107191766764,0.0,11336.712287836677,-129.72079773315855,7914.969511890229,1,1,3
2024,1,R,LEC,1,475.0,112.25027726956422,0.0,9676.444362421715,-84.84648290026405,8176.458220116391,1,1,2
2024,1,R,LEC,1,500.0,84.63234126984128,0.0,7136.003621031746,63.884092980713916,8343.239804852728,1,1,2
2024,1,R,LEC,1,525.0,60.62332559170255,35.30496516266146,7165.028397482427,291.91128255857086,8266.842878019172,0,1,1
2024,1,R,LEC,1,550.0,91.86972873199909,66.05810727666591,8519.362746794917,462.58127147095524,8097.91305842642,0,1,2
2024,1,R,LEC,1,575.0,122.81866010563665,61.50880393661801,9180.107259626966,652.0328870873406,7942.017130721115,0,1,2
2024,1,R,LEC,1,600.0,130.88859908161552,57.0,10035.63449805932,917.3693059363113,7865.636629355603,0,1,3
2024,1,R,LEC,1,625.0,142.7354203242675,75.04125219456049,10698.967232263622,1122.7666739882795,7877.7135428106685,0,1,3
2024,1,R,LEC,1,650.0,161.4955254768122,99.0,10489.874398735246,1396.9776647072981,7929.744664193577,0,1,4
2024,1,R,LEC,1,675.0,182.11805364211614,99.0,11383.652750989626,1646.6329261934713,8006.892518857069,0,1,4
2024,1,R,LEC,1,700.0,197.64463614244195,99.06446361424419,10535.131041804658,1837.2777309479372,8057.336694376707,0,1,5
2024,1,R,LEC,1,725.0,208.98570756956838,99.60285848608633,11175.271086047987,2081.667785297349,8071.077179669177,0,1,5
2024,1,R,LEC,1,750.0,214.53215963283915,99.0,11590.49607945747,2370.1678836285214,8056.566246284606,0,1,5
2024,1,R,LEC,1,775.0,225.47055486329822,99.0,10835.005389577334,2520.5883761081304,8038.276643200103,0,1,5
2024,1,R,LEC,1,800.0,234.51328225531785,99.0,10779.588697510604,2771.6473429159337,7996.339010833014,0,1,6
2024,1,R,LEC,1,825.0,239.41981214165094,99.0,11107.693424957783,3020.2918671182847,7945.815838981476,0,1,6
2024,1,R,LEC,1,850.0,246.0185621318893,99.0,11352.98842356438,3249.855311632742,7899.914551948292,0,1,6
2024,1,R,LEC,1,875.0,252.07401371319335,99.0,11570.753310130793,3494.5418728133777,7849.785662155174,0,1,6
2024,1,R,LEC,1,900.0,257.2885321399998,99.0,11634.259161900092,3748.7930265470427,7798.131497350521,0,1,6
2024,1,R,LEC,1,925.0,260.16135919903303,99.0,10513.518057572925,3980.275808058734,7751.464709013001,0,1,7
2024,1,R,LEC,1,950.0,262.7284467810135,99.0,10585.396509868378,4227.246439426098,7701.232460532695,0,1,7
2024,1,R,LEC,1,975.0,267.38023436568295,99.0,10637.0,4444.011625545952,7658.263622631927,0,1,7
2024,1,R,LEC,1,1000.0,269.7762157786125,99.0,10694.12948130588,4721.854167264238,7603.043588068768,0,1,7
2024,1,R,LEC,1,1025.0,273.1985404571463,99.0,10946.012577645966,4922.791688249722,7563.145036914687,0,1,7
2024,1,R,LEC,1,1050.0,276.4762817310185,99.0,11099.717776211455,5173.906380286199,7513.979463170095,0,1,7
2024,1,R,LEC,1,1075.0,278.4736875204507,99.0,11250.842754008334,5500.577903077433,7451.730053999731,0,1,7
2024,1,R,LEC,1,1100.0,279.5527622422148,99.0,11247.869649494762,5655.382610856613,7423.105878769917,0,1,7
2024,1,R,LEC,1,1125.0,280.8093967802477,99.0,11225.762412879008,5902.786233187209,7376.754337009634,0,1,7
2024,1,R,LEC,1,1150.0,278.58124682136145,78.4280789097408,11016.659940930427,6147.529651721277,7331.994749538215,0,1,7
2024,1,R,LEC,1,1175.0,270.7049107924391,11.035583646567533,10353.181576128947,6426.7879128469785,7280.738129531861,1,1,7
2024,1,R,LEC,1,1200.0,229.33520179372124,0.0,10743.696973094198,6681.951917812261,7234.755927681857,1,1,6
2024,1,R,LEC,1,1225.0,194.03171580096304,0.0,10982.52251881541,6939.464179208009,7186.206128506406,1,1,6
2024,1,R,LEC,1,1250.0,153.56660360925505,0.025493905337938185,11275.256893300502,7167.199332970604,7122.07606085845,1,1,4
2024,1,R,LEC,1,1275.0,123.14946428571375,1.0,8831.773333333307,7400.395173883674,6979.925102524242,1,1,3
2024,1,R,LEC,1,1300.0,105.96877699817047,18.757589765093574,7837.101906726673,7496.489961340371,6753.321124078114,0,1,3
2024,1,R,LEC,1,1325.0,109.84748666115591,50.45283427626727,8404.254976542972,7455.864991947847,6499.861054244381,0,1,3
2024,1,R,LEC,1,1350.0,123.93605710340096,72.90408565510144,9809.077289202514,7361.127061023539,6326.726031341143,0,1,3
2024,1,R,LEC,1,1375.0,148.0509121768361,89.28444821613301,11636.891575904836,7209.608628483111,6168.555159136265,0,1,3
2024,1,R,LEC,1,1400.0,164.33396857282466,99.0,10890.270129151382,7019.493044256199,6020.180534258939,0,1,3
2024,1,R,LEC,1,1425.0,179.61820888446735,99.0,11344.072322634483,6789.866656430935,5861.138937026046,0,1,4
2024,1,R,LEC,1,1450.0,202.88367224880508,99.0,10926.480173445008,6611.718807420885,5729.826563283031,0,1,5
2024,1,R,LEC,1,1475.0,214.54664744946257,99.0,11590.18367715097,6407.02060991609,5566.0208484391815,0,1,5
2024,1,R,LEC,1,1500.0,224.07280604719816,99.0,11006.894911504332,6227.547931891749,5399.568336614455,0,1,6
2024,1,R,LEC,1,1525.0,232.04350574993782,99.0,10662.56620699776,6008.855687493906,5140.796329903435,0,1,6
2024,1,R,LEC,1,1550.0,236.7783778620213,99.0,10833.021603032767,5898.9565870745255,4984.015712336595,0,1,6
2024,1,R,LEC,1,1575.0,234.83859831413943,21.709476965450982,10498.802175262954,5762.669825968519,4766.627451910673,1,1,6
2024,1,R,LEC,1,1600.0,214.72314659546336,13.804044916028245,10666.779763052426,5634.530265761009,4566.813638057139,1,1,6
2024,1,R,LEC,1,1625.0,196.06531837513486,17.13726788153636,10171.403848596634,5431.149775961477,4347.7844371406245,1,1,5
2024,1,R,LEC,1,1650.0,182.44531299811965,28.846351011908975,9575.255206008775,5261.4019266766645,4245.05153183536,0,1,5
2024,1,R,LEC,1,1675.0,178.04868539631502,57.75657301842483,9463.972708742414,4961.756182085813,4186.386586175198,0,1,5
2024,1,R,LEC,1,1700.0,182.71569038211567,82.14707114634705,9853.448483201199,4766.920083041995,4187.135655198017,0,1,5
2024,1,R,LEC,1,1725.0,194.8193475370887,99.70483688427217,10615.017772967372,4518.330290634443,4188.248365399232,0,1,5
2024,1,R,LEC,1,1750.0,203.97394921360586,74.02605078639415,11008.994089447651,4273.619300766259,4155.893438231496,0,1,5
2024,1,R,LEC,1,1775.0,207.56732932266613,74.1346586453323,11154.641315733288,4039.268114873131,4073.5073444899135,0,1,5
2024,1,R,LEC,1,1800.0,209.45514463210122,78.60685950946828,11322.750640651948,3785.6351889986013,3921.2429069383857,0,1,5
2024,1,R,LEC,1,1825.0,217.23938435244375,89.89189682236874,10336.652330042281,3636.982399188116,3778.4564729675376,0,1,5
2024,1,R,LEC,1,1850.0,225.21876581616178,98.44197558297269,10247.410867928429,3478.9230637762425,3575.020923496935,0,1,6
2024,1,R,LEC,1,1875.0,229.97221739130467,99.0,10579.305434782616,3329.3572150708937,3341.934530792569,0,1,6
2024,1,R,LEC,1,1900.0,227.16605812374698,9.720802288742973,9945.956801685294,3220.3783828697624,3158.290818535991,1,1,6
2024,1,R,LEC,1,1925.0,197.84088337524312,0.0,10453.050396021255,3082.320393094743,2931.407390642656,1,1,6
2024,1,R,LEC,1,1950.0,156.54318006930524,0.0,10260.71979082984,2954.113253441867,2750.3839578935927,1,1,4
2024,1,R,LEC,1,1975.0,113.14679814931932,0.0,8105.333998850537,2776.6639781310337,2544.949662105149,1,1,3
2024,1,R,LEC,1,2000.0,82.85443339750427,0.0,6446.912285661265,2564.5833218066796,2456.2327504479617,0,1,3
2024,1,R,LEC,1,2025.0,74.17513954180932,31.092271347840402,5938.374667063735,2372.035083519689,2585.9843856502694,0,1,3
2024,1,R,LEC,1,2050.0,95.14268951236954,61.52358601649272,7497.605022534918,2295.5175460363776,2814.3683204018716,0,1,3
2024,1,R,LEC,1,2075.0,122.19890353785688,84.39917765339266,9718.11210028486,2297.2271054516364,3065.962404431432,0,1,3
2024,1,R,LEC,1,2100.0,152.14729412077727,99.0,10971.868168046209,2332.188848822083,3306.9931839880055,0,1,3
2024,1,R,LEC,1,2125.0,175.96881794658918,99.0,11246.017712318884,2383.9297843874965,3557.7114767958,0,1,4
2024,1,R,LEC,1,2150.0,191.19959584732106,99.0,10519.775131621074,2442.166639345855,3827.5099175525643,0,1,4
2024,1,R,LEC,1,2175.0,202.19287466589918,99.0,10952.449783970356,2481.0604135879335,4010.6915743384925,0,1,5
2024,1,R,LEC,1,2200.0,215.36771499745848,99.0,11504.940676131184,2554.99175640424,4321.749053717056,0,1,5
2024,1,R,LEC,1,2225.0,223.55015961940836,99.0,11601.898004237619,2598.416221378024,4518.802496909975,0,1,5
2024,1,R,LEC,1,2250.0,232.5526424159235,99.0,10782.846259437212,2659.247376931401,4813.15381924022,0,1,6
2024,1,R,LEC,1,2275.0,236.29177578614082,99.0,10956.329267160434,2693.250376321706,5001.065551952409,0,1,6
2024,1,R,LEC,1,2300.0,242.73092568052084,99.0,11139.056453259896,2727.606862878253,5230.868501919322,0,1,6
2024,1,R,LEC,1,2325.0,246.0,99.0,11388.828411525341,2751.6463447648484,5478.600937793134,0,1,6
2024,1,R,LEC,1,2350.0,247.23495560286787,76.91417333042092,11354.974845518065,2748.184526254227,5713.955596901815,1,1,6
2024,1,R,LEC,1,2375.0,228.03570293765915,1.975106505705932,11037.804126653211,2684.1012118539948,6018.989093168684,1,1,6
2024,1,R,LEC,1,2400.0,192.5589997232597,0.0,10371.49560936809,2605.194321001825,6205.921440577157,1,1,6
2024,1,R,LEC,1,2425.0,144.980219676523,0.0,10349.199187431737,2442.663907699052,6432.492699564699,1,1,3
2024,1,R,LEC,1,2450.0,102.44841488638951,0.0,8672.861829287503,2231.51817501002,6588.658193359124,1,1,2
2024,1,R,LEC,1,2475.0,76.24172214396862,0.5516555712062787,6415.405982800758,1988.7685978946097,6567.038954981123,1,1,2
2024,1,R,LEC,1,2500.0,81.62997508856128,48.866215746771765,7479.928089361213,1886.639018262628,6368.890711791826,0,1,2
2024,1,R,LEC,1,2525.0,108.84523178908026,75.338932606626,10194.990459749852,1839.9344600796715,6114.764929971979,0,1,2
2024,1,R,LEC,1,2550.0,140.95000000000056,97.53000000000078,11062.810000000016,1816.1704368526957,5908.011048957841,0,1,3
2024,1,R,LEC,1,2575.0,167.95985707032736,99.0,11073.49787346747,1788.2222901667337,5612.195364500843,0,1,3
2024,1,R,LEC,1,2600.0,186.1935352161681,99.0,11598.185944498218,1774.213434853273,5423.371038191257,0,1,4
2024,1,R,LEC,1,2625.0,201.8932166155841,99.0,10855.145732924673,1758.0048096070775,5171.818043304068,0,1,5
2024,1,R,LEC,1,2650.0,210.9575793832742,99.0,11425.818857044944,1741.1787010529006,4884.850909695563,0,1,5
2024,1,R,LEC,1,2675.0,223.7753688963808,99.0,11467.947351777222,1730.096948125622,4685.135499839342,0,1,5
2024,1,R,LEC,1,2700.0,231.49951131433224,99.0,11033.77712205456,1714.5150297507673,4380.8422415808645,0,1,6
2024,1,R,LEC,1,2725.0,238.82250000000005,99.0,10999.921250000003,1704.6109053656508,4168.1992762320815,0,1,6
2024,1,R,LEC,1,2750.0,245.79597194276045,99.0,11346.942204336669,1690.2265993261667,3863.3573239824022,0,1,6
2024,1,R,LEC,1,2775.0,251.0844212717333,99.0,11594.138672217245,1681.1888558647347,3685.558904062822,0,1,6
2024,1,R,LEC,1,2800.0,256.92063923552155,99.0,11741.98952729988,1666.2436844479685,3372.620017449813,0,1,6
2024,1,R,LEC,1,2825.0,261.69819366510376,99.0,10489.05093214336,1657.6745441038659,3186.6906182026664,0,1,6
2024,1,R,LEC,1,2850.0,263.9150844619026,99.0,10634.470473275924,1644.5092117973832,2881.7395608269576,0,1,7
2024,1,R,LEC,1,2875.0,268.5368029739776,99.0,10810.557434944238,1631.647616675533,2588.370643974981,0,1,7
2024,1,R,LEC,1,2900.0,271.38502112556836,99.0,10913.392933074152,1623.9123529378608,2415.3655468254155,0,1,7
2024,1,R,LEC,1,2925.0,275.6380570359942,99.0,11058.185175003679,1613.3008546297149,2198.1048296802737,0,1,7
2024,1,R,LEC,1,2950.0,278.44843790971214,99.0,11174.194151994512,1600.107936519923,1935.7534393851768,0,1,7
2024,1,R,LEC,1,2975.0,281.0,99.0,11247.2193727758,1588.0634746524952,1686.4707047161528,0,1,7
2024,1,R,LEC,1,3000.0,282.1030778972368,99.0,11291.504648506052,1576.6899824063912,1457.7768974508965,0,1,7
2024,1,R,LEC,1,3025.0,283.0,99.0,11305.715987953776,1563.2301869872665,1191.490942663945,0,1,7
2024,1,R,LEC,1,3050.0,281.20156274569223,82.81797157546089,11385.622089507207,1547.6341586859073,902.5918906940163,0,1,7
2024,1,R,LEC,1,3075.0,273.86486615855387,0.0,10817.924973510135,1537.2336773676348,716.2295967933159,0,1,7
2024,1,R,LEC,1,3100.0,262.7588723919751,0.0,10478.276617175927,1523.5198975100752,452.0796924318796,1,1,7
2024,1,R,LEC,1,3125.0,222.7365432818359,0.0,10404.70757476894,1516.9453628821727,187.35093133870063,1,1,6
2024,1,R,LEC,1,3150.0,191.23646468732142,0.0,11082.144794958052,1533.2519257163658,-55.656924998606215,1,1,6
2024,1,R,LEC,1,3175.0,165.9302177161157,0.0,10058.248883137707,1607.0205891880237,-339.5036252959994,1,1,4
2024,1,R,LEC,1,3200.0,153.91397059032047,9.853063720972262,9495.612500106345,1770.7802217248757,-522.8422769985888,0,1,4
2024,1,R,LEC,1,3225.0,149.0,63.63872576312246,9627.978762718707,1953.0670233773033,-621.0115896657583,0,1,4
2024,1,R,LEC,1,3250.0,158.0167113072384,76.01253348042881,10086.821532488988,2190.181548661902,-670.1726118719224,0,1,4
2024,1,R,LEC,1,3275.0,168.62473431574108,85.62473431574107,10856.97722706352,2437.3729068903353,-637.7792449125496,0,1,4
2024,1,R,LEC,1,3300.0,185.9860838790474,98.99036576241744,10904.351114436342,2733.882802223034,-513.6688917474029,0,1,4
2024,1,R,LEC,1,3325.0,197.53690807397797,100.0,10796.482938475667,2904.439100770341,-383.42219298271357,0,1,5
2024,1,R,LEC,1,3350.0,208.40132075471675,100.0,11172.995424528286,3086.984412049018,-198.0348471730967,0,1,5
2024,1,R,LEC,1,3375.0,217.19430141917556,99.25795694011778,11747.626257390062,3191.259704883563,-45.598637907221445,0,1,5
2024,1,R,LEC,1,3400.0,225.58172355816632,99.0,11249.30202033149,3323.4106504642778,216.2211110041319,0,1,5
2024,1,R,LEC,1,3425.0,230.0,99.0,10740.934135615424,3406.491486309739,415.5679852303081,0,1,6
2024,1,R,LEC,1,3450.0,238.0,99.32808154452073,11032.480072907552,3502.943736869272,654.5039226889902,0,1,6
2024,1,R,LEC,1,3475.0,243.64546938775504,100.0,11253.273469387752,3634.128728953978,915.6603281925023,0,1,6
2024,1,R,LEC,1,3500.0,248.80301418658783,89.54171098688349,11535.870301542212,3771.7704272778624,1091.6031327702838,0,1,6
2024,1,R,LEC,1,3525.0,247.0,69.09578101660745,11293.601481690986,3912.922615490296,1247.800887954533,0,1,6
2024,1,R,LEC,1,3550.0,243.14348087584378,68.64275318735938,11171.089204961549,4146.318271728932,1408.2575412990489,0,1,6
2024,1,R,LEC,1,3575.0,240.09518843865013,75.33368092944906,11083.760464720854,4409.889917866214,1535.5891488898164,0,1,6
2024,1,R,LEC,1,3600.0,240.45088852755856,93.7890549232275,11164.93731815746,4609.863236001632,1586.579326173906,0,1,6
2024,1,R,LEC,1,3625.0,244.5994693877551,100.0,11337.978775510204,4930.680047759326,1610.9187046768361,0,1,6
2024,1,R,LEC,1,3650.0,247.44554216867462,100.0,11456.787108433735,5134.394078027797,1587.5280635321492,0,1,6
2024,1,R,LEC,1,3675.0,249.73301193332503,100.0,11492.723369933075,5315.8123744904615,1526.9823674196941,0,1,6
2024,1,R,LEC,1,3700.0,250.78919385469248,100.0,11489.951286034306,5638.314575519309,1378.1399967183368,0,1,6
2024,1,R,LEC,1,3725.0,252.60501976284584,99.0,11593.696166007905,5808.525142793151,1292.533593985091,0,1,6
2024,1,R,LEC,1,3750.0,245.10026786914892,31.49319815454549,11118.598718289943,6008.778178361212,1197.2486283290007,0,1,6
2024,1,R,LEC,1,3775.0,210.37831507292333,1.4346021912492015,11008.991700797464,6295.209300289063,1047.3150967983067,1,1,6
2024,1,R,LEC,1,3800.0,175.84938152585568,4.0,10717.946551672669,6451.801946299163,932.9609562052418,1,1,5
2024,1,R,LEC,1,3825.0,152.94767599185374,5.032702505091419,9400.232671413469,6605.647862596621,737.7837675831588,1,1,4
2024,1,R,LEC,1,3850.0,138.0898796413706,10.0,8661.169951341662,6664.231731798152,479.1378628338542,1,1,4
2024,1,R,LEC,1,3875.0,132.8262013845741,45.13100692287051,8492.122883997496,6628.037164913177,245.25235837033978,0,1,4
2024,1,R,LEC,1,3900.0,142.69559900158433,72.54339850237649,9388.730897458376,6481.662564897982,18.474025898843948,0,1,4
2024,1,R,LEC,1,3925.0,158.47559481493528,94.97210835992601,10860.52605387711,6282.554408195386,-148.7666147702861,0,1,4
2024,1,R,LEC,1,3950.0,179.60380635781735,99.0,11163.993807122992,6092.792732260703,-267.8149124970705,0,1,4
2024,1,R,LEC,1,3975.0,193.52173469387765,99.0,10644.097933673467,5905.066523687941,-367.57178788315593,0,1,5
2024,1,R,LEC,1,4000.0,205.33900808176713,99.0,11078.932251841703,5661.361257859313,-495.1014284616266,0,1,5
2024,1,R,LEC,1,4025.0,217.0846529463742,99.0,11700.276342832878,5454.466150630468,-602.6577785170631,0,1,5
2024,1,R,LEC,1,4050.0,228.23477084168553,99.0,10878.436665330313,5226.600237957068,-722.0829466958,0,1,5
2024,1,R,LEC,1,4075.0,236.88247907949784,99.0,10924.299877963735,4964.338229165571,-861.9652278646437,0,1,6
2024,1,R,LEC,1,4100.0,243.46877592859641,99.0,11193.047873250962,4747.888838617632,-979.3718533731897,0,1,6
2024,1,R,LEC,1,4125.0,251.01272522676533,99.0,11465.290540817758,4578.445027407474,-1071.3770023521079,0,1,6
2024,1,R,LEC,1,4150.0,255.1437500000002,99.0,11736.526562500007,4360.20088191691,-1192.3047348736116,0,1,6
2024,1,R,LEC,1,4175.0,260.11802268745987,99.0,11237.580973282076,4162.218974728421,-1301.2319682036955,0,1,6
2024,1,R,LEC,1,4200.0,263.778508311619,99.0,10727.192247012317,3848.800071143586,-1476.308645996403,0,1,7
2024,1,R,LEC,1,4225.0,268.9477419312635,99.0,10823.481677329039,3630.7818377430563,-1597.5906709899944,0,1,7
2024,1,R,LEC,1,4250.0,272.7974164505737,99.0,10985.69407447352,3505.025692042511,-1666.5441477356744,0,1,7
2024,1,R,LEC,1,4275.0,276.3714041515633,99.0,11128.884932850026,3291.4562938485346,-1786.6852143393146,0,1,7
2024,1,R,LEC,1,4300.0,279.59824282078415,99.0,11243.33147001058,3074.3085248874127,-1906.7247015134537,0,1,7
2024,1,R,LEC,1,4325.0,283.4747672969011,99.0,11341.633677193604,2859.3081810927642,-2027.2019004701224,0,1,7
2024,1,R,LEC,1,4350.0,285.2388629439679,99.0,11429.704284254427,2648.8200064729717,-2144.3265188460027,0,1,7
2024,1,R,LEC,1,4375.0,287.4105855720872,99.0,11529.68618573624,2371.6258377679455,-2298.9823242305747,0,1,7
2024,1,R,LEC,1,4400.0,289.34930009805265,99.0,11594.310003268421,2187.6869889836653,-2401.6210998975084,0,1,7
2024,1,R,LEC,1,4425.0,291.02277652620785,99.0,11640.035248365883,1988.9440177860895,-2512.499451027652,0,1,7
2024,1,R,LEC,1,4450.0,291.2920749023231,99.0,11651.67319843717,1773.985659530816,-2633.7191441274513,0,1,7
2024,1,R,LEC,1,4475.0,291.9097310074223,99.0,11694.118433319158,1557.4382261748424,-2757.0652389419115,0,1,7
2024,1,R,LEC,1,4500.0,291.0,99.0,11647.319697916957,1339.3860581930287,-2880.9460085756687,0,1,7
2024,1,R,LEC,1,4525.0,291.0,72.49997934698698,11472.999879199358,1121.9722183250399,-3005.545306123464,0,1,7
2024,1,R,LEC,1,4550.0,277.8784963309594,0.0,10973.13588574247,908.9131136741753,-3127.019999007594,1,1,7
2024,1,R,LEC,1,4575.0,240.8259536463455,0.0,10777.880608404896,684.0441106022311,-3254.184520579407,1,1,7
2024,1,R,LEC,1,4600.0,190.21234363276446,0.0,10117.948500353728,455.538388537855,-3378.1046169026336,1,1,5
2024,1,R,LEC,1,4625.0,154.03526947027808,0.0,10224.206561015466,219.64558414149934,-3471.79736352951,1,1,4
2024,1,R,LEC,1,4650.0,130.23960503411135,1.0,9830.38247338869,-69.70627977652491,-3495.814451103885,1,1,3
2024,1,R,LEC,1,4675.0,123.0,47.09069752277361,9162.911031612508,-277.9880593996146,-3373.9165998166436,0,1,3
2024,1,R,LEC,1,4700.0,129.28217007570748,63.556070328065765,9937.073779784889,-418.71966937987787,-3182.128413057467,0,1,3
2024,1,R,LEC,1,4725.0,148.87954976811093,83.91396412007923,9562.21179053028,-510.2329291203078,-2978.7967561551873,0,1,3
2024,1,R,LEC,1,4750.0,170.53888934985855,99.0,11045.648211147334,-558.612018162031,-2764.783504330767,0,1,4
2024,1,R,LEC,1,4775.0,188.03769633508108,99.0,11372.481675392433,-576.2711465053725,-2527.719366338298,0,1,5
2024,1,R,LEC,1,4800.0,201.54749602863035,100.0,10903.546427969854,-571.9428543618144,-2251.216577587084,0,1,5
2024,1,R,LEC,1,4825.0,215.11792316887352,99.01684616698194,11352.951390815471,-555.295491665336,-1944.03817717321,0,1,5
2024,1,R,LEC,1,4850.0,225.17973568282045,100.0,11193.771806167191,-543.8654468923908,-1766.8562274024634,0,1,5
2024,1,R,LEC,1,4875.0,231.5658427225971,99.35658427225971,10530.020316172606,-530.0808790848357,-1537.3587686252397,0,1,6
2024,1,R,LEC,1,4900.0,239.96285058233278,100.0,11012.543969715696,-516.3433427505812,-1291.36349611719,0,1,6
2024,1,R,LEC,1,4925.0,246.9701970481837,99.25745073795407,11364.420443553738,-499.6995943629572,-988.1986428157769,0,1,6
2024,1,R,LEC,1,4950.0,252.41458524328672,100.0,11601.632361379965,-489.63840798293353,-792.4204390213292,0,1,6
2024,1,R,LEC,1,4975.0,258.18043692514885,99.40978153742557,11093.19986035228,-472.6232907269824,-487.8762047930826,0,1,6
2024,1,R,LEC,1,5000.0,262.17663338961364,99.0,10619.552713254541,-462.0966087064101,-297.9191417386894,0,1,6
2024,1,R,LEC,1,5025.0,266.58567866267066,99.0,10733.355539820179,-448.29369276571725,-49.731305463964084,0,1,7
2024,1,R,LEC,1,5050.0,270.40602334448084,99.29698832775956,10829.556606956503,-435.3661800838206,194.9022430565809,0,1,7
2024,1,R,LEC,1,5075.0,273.9162810915459,99.54185945422707,10991.611697658333,-422.4591121437547,443.52504173348103,0,1,7
2024,1,R,LEC,1,5100.0,275.9819026811134,99.98190268111344,11107.552214489075,-409.882873456685,690.2178628529979,0,1,7
2024,1,R,LEC,1,5125.0,279.1932029427186,99.0,11120.766527903394,-395.34980095074764,967.0317870253323,0,1,7
2024,1,R,LEC,1,5150.0,280.8566344687343,99.0,11238.061514997486,-383.7440767796591,1199.9926447854098,0,1,7
2024,1,R,LEC,2,0.0,281.4875008,99.0,11300.4875648,-377.62520338277864,1332.7007686261343,0,1,7
2024,1,R,LEC,2,25.0,283.3045194750209,99.65225973751046,11393.528519263327,-365.161569940017,1604.9357783016574,0,1,7
2024,1,R,LEC,2,50.0,286.0675535888435,99.93244641115648,11456.012269407074,-355.57453109252236,1802.5279672281977,0,1,7
2024,1,R,LEC,2,75.0,286.7803810692851,99.21961893071487,11519.453915166378,-345.45725629732937,2038.3173001235607,0,1,7
2024,1,R,LEC,2,100.0,288.1746756055363,99.0,11538.27534602076,-332.2709909845392,2385.207984042697,0,1,7
2024,1,R,LEC,2,125.0,289.19663970171007,99.19663970171007,11603.949595525652,-325.06794598969833,2545.579225612948,0,1,7
2024,1,R,LEC,2,150.0,290.4880939901162,99.51190600988376,10933.156507827382,-314.46822954128936,2786.4162497345883,0,1,7
2024,1,R,LEC,2,175.0,292.5432474386622,99.77162371933109,10347.404408566954,-302.7038710660122,3033.1477998076402,0,1,7
2024,1,R,LEC,2,200.0,294.0,99.92869897959184,10478.0,-292.07518895289655,3263.574839593569,0,0,8
2024,1,R,LEC,2,225.0,294.65280950255084,99.0,10502.80676109693,-280.9622120770427,3533.739270484136,0,0,8
2024,1,R,LEC,2,250.0,295.91892209140036,99.0,10550.919039473214,-270.8949293687228,3783.9408148157245,0,0,8
2024,1,R,LEC,2,275.0,296.2645552856856,99.0,10562.497439856654,-263.1167568024424,4018.1240752427843,0,0,8
2024,1,R,LEC,2,300.0,297.0,99.0,10579.271773358098,-253.873261595698,4268.3790403326575,0,0,8
2024,1,R,LEC,2,325.0,297.65475026137756,99.65475026137753,10586.071498431735,-245.0998579539798,4517.280771346762,0,0,8
2024,1,R,LEC,2,350.0,298.483885311034,99.516114688966,10609.162036173768,-235.94337946759197,4766.882632702567,0,0,8
2024,1,R,LEC,2,375.0,299.0,99.14769968842036,10635.85230031158,-228.0642711262653,5007.687775136809,0,0,8
2024,1,R,LEC,2,400.0,299.0,99.98377569268413,10635.016224307315,-215.89524275587652,5383.051369980329,0,0,8
2024,1,R,LEC,2,425.0,299.6684595729528,100.0,10659.064544626302,-207.17957284659212,5632.8144213539945,0,0,8
2024,1,R,LEC,2,450.0,299.5703177257525,99.5703177257525,10653.8127090301,-200.95882045185877,5820.699280472256,0,0,8
2024,1,R,LEC,2,475.0,298.657351121466,99.0,10539.170100552878,-194.53822315487855,6022.897431671587,0,0,8
2024,1,R,LEC,2,500.0,297.2578368744992,99.0,10408.271950655548,-186.81588220281873,6282.269856569768,0,0,8
2024,1,R,LEC,2,525.0,295.6316965391036,99.0,10473.582592712211,-181.06817409723573,6513.714478758835,0,0,8
2024,1,R,LEC,2,550.0,294.20034224870074,35.82703764735672,10193.311573076435,-171.45206533389938,6873.54883521949,0,0,8
2024,1,R,LEC,2,575.0,289.157979768786,0.0,9999.581323538852,-165.17446374430773,7083.771251154161,1,0,8
2024,1,R,LEC,2,600.0,266.96492745033896,0.0,9558.205404727329,-159.02578801949844,7282.8671783533755,1,0,8
2024,1,R,LEC,2,625.0,234.78224116030353,0.0,9592.08978414813,-149.99757296461075,7525.050967743174,1,0,8
2024,1,R,LEC,2,650.0,175.7439447740081,0.0,9867.180592550205,-137.29431172427462,7799.363971157914,1,0,7
2024,1,R,LEC,2,675.0,121.22728086543653,0.0,9956.21001170412,-113.86127063961115,8057.655437910012,1,0,4
2024,1,R,LEC,2,700.0,80.5732905982905,0.0,6844.048931623921,-19.13662858813403,8281.961834003278,1,0,2
2024,1,R,LEC,2,725.0,61.349486409356295,16.378851929827782,5391.669607298241,224.53777227064177,8313.051312691634,0,0,2
2024,1,R,LEC,2,750.0,83.52745086986648,52.52745086986648,7625.2493383552755,406.16127434909004,8157.84091366627,0,0,2
2024,1,R,LEC,2,775.0,110.9243222344426,67.66902222598233,9770.806500888328,539.6451794371883,8021.7509031024965,0,4,2
2024,1,R,LEC,2,800.0,133.61194628251883,71.67350671468515,8603.130837871382,747.7197698381499,7900.426400433239,0,8,3
2024,1,R,LEC,2,825.0,148.64303115434714,72.66075778858679,9634.267662166236,985.701281523209,7864.13665242752,0,8,4
2024,1,R,LEC,2,850.0,161.9196180570509,92.75885417115272,10486.208804663253,1231.5969550737068,7895.59084653807,0,8,4
2024,1,R,LEC,2,875.0,181.9489933061638,99.0,11137.998657003027,1469.0905078085527,7949.354460751258,0,8,4
2024,1,R,LEC,2,900.0,196.9324168122325,99.41103473435271,10813.262120542306,1725.9108542451388,8029.55545151117,0,8,4
2024,1,R,LEC,2,925.0,208.43574255437736,100.0,11215.115184383667,1935.9127419740255,8067.559217271709,0,8,5
2024,1,R,LEC,2,950.0,216.29632152666886,100.0,11702.216348821466,2185.6042068599463,8067.725712076816,0,8,5
2024,1,R,LEC,2,975.0,224.24112021746618,100.0,11136.745901732842,2442.961429987996,8048.361266454957,0,8,5
2024,1,R,LEC,2,1000.0,232.76853813559333,100.0,10692.874394673132,2728.0729107373804,8006.327630792874,0,13,6
2024,1,R,LEC,2,1025.0,242.0821924343718,99.0,11150.30141201698,2921.436205253926,7965.824126129148,0,12,6
2024,1,R,LEC,2,1050.0,247.357530120482,99.0,11469.066465863458,3179.796383896018,7913.4849605933305,0,12,6
2024,1,R,LEC,2,1075.0,252.09055878460825,99.0,11788.8273616856,3460.672979734881,7857.063046085334,0,12,6
2024,1,R,LEC,2,1100.0,259.7844324007386,99.0,11714.594529569122,3687.2906348948036,7810.456081829362,0,12,6
2024,1,R,LEC,2,1125.0,265.47716551259936,99.0,10600.330723696938,3896.69161523831,7767.837327877477,0,12,6
2024,1,R,LEC,2,1150.0,267.2932495720131,99.0,10762.301724748773,4180.885754141252,7711.364034992791,0,12,7
2024,1,R,LEC,2,1175.0,270.6608609420214,99.0,10931.912914130322,4391.199015613762,7668.725736330703,0,12,7
2024,1,R,LEC,2,1200.0,273.0,99.0,10967.0,4487.070540677502,7649.44328896747,0,12,7
2024,1,R,LEC,2,1225.0,277.82421484903654,99.0,11184.476195809433,4731.511817820133,7601.138221597794,0,12,7
2024,1,R,LEC,2,1250.0,284.19418445863494,99.0,11398.997213250084,4977.927207673016,7552.394230223546,0,12,7
2024,1,R,LEC,2,1275.0,287.21481058482993,99.0,11528.78518941517,5221.909410520171,7504.446502388845,0,12,7
2024,1,R,LEC,2,1300.0,289.2313103448276,99.0,11567.401931034483,5545.138851521191,7443.355437131403,0,12,7
2024,1,R,LEC,2,1325.0,290.0,99.0,11608.967161022521,5760.13974386511,7403.522409146852,0,12,7
2024,1,R,LEC,2,1350.0,289.1282474632069,70.23216628582786,11492.655951123174,5975.7934586805795,7363.7226897329865,0,11,7
2024,1,R,LEC,2,1375.0,284.7778648291007,0.0,11063.115376625932,6370.282702079714,7290.94859962187,1,0,7
2024,1,R,LEC,2,1400.0,251.0154285714288,0.0,10696.656,6665.00306236706,7237.606928640034,1,0,7
2024,1,R,LEC,2,1425.0,210.06452344064644,0.0,10651.53639112303,6869.290172987642,7200.543184348567,1,0,6
2024,1,R,LEC,2,1450.0,167.0,0.0,9857.033478638064,7130.728113552278,7136.145217173802,1,0,6
2024,1,R,LEC,2,1475.0,134.24182347835824,0.0,8559.594014785007,7382.68730002843,6996.191762904179,1,0,4
2024,1,R,LEC,2,1500.0,119.3747320322189,1.9375446612968497,7270.107760739416,7485.483000428239,6832.413345886537,0,0,4
2024,1,R,LEC,2,1525.0,114.7865877302141,42.35976319064228,7298.433132528626,7480.212193430818,6578.175826910313,0,0,4
2024,1,R,LEC,2,1550.0,124.83672912106674,56.95918228026668,8073.060987645336,7377.105905042634,6349.104709907503,0,0,4
2024,1,R,LEC,2,1575.0,139.8555066252961,79.03964758949722,9158.015860162146,7212.136384083832,6171.281523168067,0,0,4
2024,1,R,LEC,2,1600.0,162.3377439024388,99.0,10494.486158536574,6991.481624612194,6001.719122787839,0,0,4
2024,1,R,LEC,2,1625.0,181.98806282247608,99.0,11335.301696932507,6817.794292187735,5880.485097741334,0,0,4
2024,1,R,LEC,2,1650.0,197.11015602552325,99.0,10634.033323755659,6610.410477032799,5728.910174105101,0,0,5
2024,1,R,LEC,2,1675.0,208.4823261994495,99.0,11309.894192193098,6420.840935065708,5579.121395759557,0,0,5
2024,1,R,LEC,2,1700.0,219.84003751230122,99.0,11735.248832773088,6219.219874192431,5391.231718586444,0,0,5
2024,1,R,LEC,2,1725.0,229.9901539331369,99.0,11132.44213668875,6080.042952969453,5230.92318721644,0,0,5
2024,1,R,LEC,2,1750.0,235.02760034595482,99.0,10824.405930101882,5951.29467470749,5057.377578976843,0,0,6
2024,1,R,LEC,2,1775.0,235.8788708008605,83.52841705187507,10790.067405670563,5818.920855556325,4858.065944089394,0,0,6
2024,1,R,LEC,2,1800.0,219.29327999710077,27.277131427950167,9963.73119988403,5683.105781345934,4638.113309466296,1,0,6
2024,1,R,LEC,2,1825.0,198.5294329896907,27.3529381443299,10305.471391752577,5521.439277172067,4429.8082902451015,1,0,6
2024,1,R,LEC,2,1850.0,187.49727597450033,30.71817717928526,9795.282815875651,5334.331383773908,4281.01212651057,1,0,5
2024,1,R,LEC,2,1875.0,180.54503497660167,50.46419553816171,9673.960697877996,5095.44854472297,4199.13944535526,0,0,5
2024,1,R,LEC,2,1900.0,181.34404129672555,76.6880825934511,10005.922271319905,4835.994173330413,4185.479783585091,0,0,5
2024,1,R,LEC,2,1925.0,190.7490038283848,87.40079693729217,10335.799996092457,4598.39942673425,4189.5720699254625,0,0,5
2024,1,R,LEC,2,1950.0,202.80522265921843,68.77910936312628,9968.617425146995,4367.529830811096,4173.708585704895,0,0,5
2024,1,R,LEC,2,1975.0,204.2333449477352,62.96686411149817,9391.402160278745,4120.930923933584,4105.257479204626,0,0,6
2024,1,R,LEC,2,2000.0,208.48831259313022,86.96326814983782,9668.549200020736,3899.552779720466,3998.5561739776467,0,0,6
2024,1,R,LEC,2,2025.0,216.03050751195047,98.2519067194969,9963.45695344154,3715.96224251165,3855.9694850793626,0,0,6
2024,1,R,LEC,2,2050.0,224.28115717514345,98.76757232344647,10289.873280741613,3558.6635990913196,3671.0406394738648,0,0,6
2024,1,R,LEC,2,2075.0,230.21177476075252,99.0,10642.459130202953,3411.007548335568,3472.7678397618224,0,0,6
2024,1,R,LEC,2,2100.0,235.2644769140725,90.57015390618328,10739.875830898294,3280.9657612090814,3260.7911560263847,0,0,6
2024,1,R,LEC,2,2125.0,226.11905778977803,1.4257715046797683,10312.207255392366,3113.428641505527,2978.4493815514065,1,0,6
2024,1,R,LEC,2,2150.0,182.46641061948546,0.0,10409.468671622384,3019.5015095504905,2837.8853963856704,1,0,6
2024,1,R,LEC,2,2175.0,131.41588626483735,0.7623745827838019,9918.14046728214,2831.4587945898693,2603.8118804475716,1,0,4
2024,1,R,LEC,2,2200.0,94.28395980853243,1.0,6777.543729182082,2612.4927125483796,2462.814448015395,1,0,3
2024,1,R,LEC,2,2225.0,75.26726191748551,3.663690412572452,5509.6994054617035,2415.503078874762,2521.015058865375,0,0,3
2024,1,R,LEC,2,2250.0,83.24496337897679,46.0,6569.939377934738,2304.934678496546,2766.5693526073737,0,0,3
2024,1,R,LEC,2,2275.0,108.86868603388979,72.4963920193656,8362.346283495992,2291.1803853760744,2983.3738364859146,0,0,3
2024,1,R,LEC,2,2300.0,138.24788732394433,93.5802816901418,10534.295774648002,2322.8361003657674,3248.398729163781,0,0,3
2024,1,R,LEC,2,2325.0,163.66594172751783,99.0,11197.026369661538,2360.5633639127013,3450.7365886145762,0,0,3
2024,1,R,LEC,2,2350.0,182.50454745912174,99.0,10835.970070900337,2405.274029874181,3655.246569523001,0,0,4
2024,1,R,LEC,2,2375.0,198.90471875000037,100.0,10537.671250000018,2465.5487521803857,3934.7279548782267,0,0,5
2024,1,R,LEC,2,2400.0,209.25828189197225,100.0,11196.556510815519,2513.403506702342,4152.050134252174,0,0,5
2024,1,R,LEC,2,2425.0,216.34352277790225,99.32823861104887,11656.612108626732,2571.135977056246,4393.102932578095,0,0,5
2024,1,R,LEC,2,2450.0,227.72256514453034,100.0,10549.701644742094,2621.6825856197847,4625.527966118239,0,0,5
2024,1,R,LEC,2,2475.0,236.03166666666687,99.1383333333333,10828.53,2672.280580896938,4881.415387723367,0,0,6
2024,1,R,LEC,2,2500.0,242.1039729162417,99.0,11064.631444782955,2713.600340941041,5126.5315175770165,0,0,6
2024,1,R,LEC,2,2525.0,244.56942625741323,99.0,11236.019060097791,2744.236514454335,5421.363020490704,0,0,6
2024,1,R,LEC,2,2550.0,246.0,77.49314024389918,10999.983536585358,2754.878441066462,5679.808601247019,1,0,6
2024,1,R,LEC,2,2575.0,238.74484922239108,0.9310615279888648,10453.477008786727,2728.3942794312475,5859.15168805462,1,0,6
2024,1,R,LEC,2,2600.0,201.5652050130443,0.0,11449.115402611233,2645.2736629466035,6114.9067359856,1,0,5
2024,1,R,LEC,2,2625.0,163.7452269017681,0.0,9976.738641980277,2533.5844221368593,6322.576334341515,1,0,4
2024,1,R,LEC,2,2650.0,121.45720799981437,0.0,10524.15185357144,2352.6739664368606,6514.371773934214,1,0,2
2024,1,R,LEC,2,2675.0,86.28339817937444,0.0,7097.756808834318,2097.0034286562764,6615.523084757448,1,0,2
2024,1,R,LEC,2,2700.0,73.08125000000001,27.650000000000077,6595.768750000002,1926.9130682626271,6478.880157255962,0,0,2
2024,1,R,LEC,2,2725.0,92.67704730907403,63.9131103878394,8699.319113873751,1858.412210340772,6237.03062090303,0,0,2
2024,1,R,LEC,2,2750.0,121.0,82.37584054061162,9799.926754079568,1826.1806532778437,5997.53777408431,0,0,2
2024,1,R,LEC,2,2775.0,153.5836930569102,99.0,10913.141486016286,1802.2194309897575,5769.476577938978,0,0,3
2024,1,R,LEC,2,2800.0,177.04657521045576,99.0,11295.391979993814,1777.5851871201828,5472.991464334017,0,0,4
2024,1,R,LEC,2,2825.0,193.03345234809186,99.0,11240.510431213414,1764.6708419098727,5280.109807319496,0,0,4
2024,1,R,LEC,2,2850.0,206.69894375396078,99.0,10844.681072840198,1750.3193077929775,5034.241438015814,0,0,5
2024,1,R,LEC,2,2875.0,218.41268586429132,99.0,11561.634293214565,1735.874365995455,4790.784826041266,0,0,5
2024,1,R,LEC,2,2900.0,227.2313537117902,99.0,11064.66069868998,1723.321143903786,4555.73092813746,0,0,5
2024,1,R,LEC,2,2925.0,234.15300452463754,99.0,10821.359534834199,1706.8489456861284,4219.873175702861,0,0,6
2024,1,R,LEC,2,2950.0,241.85148787340805,99.0,11050.77433862756,1698.0506790018194,4037.749055337661,0,0,6
2024,1,R,LEC,2,2975.0,246.88681327785613,99.0,11468.822811188293,1686.9651236878633,3797.327309008171,0,0,6
2024,1,R,LEC,2,3000.0,252.1943472242416,99.0,11521.258912595713,1674.7316760490974,3548.3341997935972,0,0,6
2024,1,R,LEC,2,3025.0,258.2049943955878,99.0,11184.744877887964,1662.7866858784328,3301.342641679113,0,0,6
2024,1,R,LEC,2,3050.0,262.6563168016113,99.0,10460.54308729708,1648.5006555938558,2982.3762351687114,0,0,7
2024,1,R,LEC,2,3075.0,266.0,99.0,10699.833176691729,1639.9916051094342,2788.149805896747,0,0,7
2024,1,R,LEC,2,3100.0,270.3865992052584,99.0,10825.983310461605,1629.5816983480836,2539.742898092449,0,0,7
2024,1,R,LEC,2,3125.0,274.7718478260869,99.0,11008.56481884058,1613.746718973979,2205.6821684348793,0,0,7
2024,1,R,LEC,2,3150.0,276.0,99.0,11109.148647567086,1605.9547932034006,2050.689847197589,0,0,7
2024,1,R,LEC,2,3175.0,279.0473588081787,99.0,11188.160290800379,1594.8703044760605,1816.4167797171228,0,0,7
2024,1,R,LEC,2,3200.0,281.077953606895,99.0,11236.0,1582.3496482630146,1566.6831506297206,0,0,7
2024,1,R,LEC,2,3225.0,283.4478150886513,99.0,11300.933187854436,1568.6880051172668,1290.0291755100654,0,0,7
2024,1,R,LEC,2,3250.0,284.5776301466825,99.0,11385.621041173461,1554.2604458996805,1014.8212972064798,0,0,7
2024,1,R,LEC,2,3275.0,284.3814201037324,99.0,11365.493963941832,1543.199394135335,820.8442865436647,0,0,7
2024,1,R,LEC,2,3300.0,275.59170639307257,29.211163062502294,10895.270486504533,1529.4002196109925,570.2556202098046,1,0,7
2024,1,R,LEC,2,3325.0,249.40081521739225,3.0,10896.613750000026,1517.253914101976,251.58963062696557,1,0,7
2024,1,R,LEC,2,3350.0,203.3819179809507,3.0,10598.556879667924,1522.9974740212015,45.77540501791796,1,0,6
2024,1,R,LEC,2,3375.0,178.6385374861263,4.420182814234212,10514.383253725036,1562.7376902143105,-203.05938814648025,1,0,5
2024,1,R,LEC,2,3400.0,163.7849573242727,6.620056900969723,10221.409921588453,1676.2607866373958,-447.66143039862726,0,0,4
2024,1,R,LEC,2,3425.0,153.65574858502222,39.87967987312593,9726.355611954194,1860.1398091087565,-583.0313620001493,0,0,4
2024,1,R,LEC,2,3450.0,155.03165696158592,62.54748544237887,9917.225304406433,2091.2414398162573,-658.0565268973852,0,0,4
2024,1,R,LEC,2,3475.0,162.1684826342487,74.25272395137304,10382.74223049676,2337.6079052683085,-659.6785211996817,0,0,4
2024,1,R,LEC,2,3500.0,172.97214345764647,87.51969499277205,11222.83588761489,2575.83228229289,-590.7412078698267,0,0,4
2024,1,R,LEC,2,3525.0,188.1732222281236,97.97952592749962,10781.071369884492,2797.304610823421,-469.6141837750113,0,0,4
2024,1,R,LEC,2,3550.0,198.91398136059087,99.97849534014772,10832.935685921655,2999.590918799505,-299.348054168841,0,0,5
2024,1,R,LEC,2,3575.0,211.62687793427236,99.0,11386.836384976528,3123.5654865809734,-145.80572701952218,0,0,5
2024,1,R,LEC,2,3600.0,217.4931591554958,99.0,11763.622509053606,3291.740478411542,143.10519705587498,0,0,5
2024,1,R,LEC,2,3625.0,224.94755994700506,99.0,10901.23685745206,3362.5757738323,303.92256667176207,0,0,5
2024,1,R,LEC,2,3650.0,234.0078727346153,99.66929091153844,10778.944836623074,3478.240721634612,601.0551817307604,0,0,6
2024,1,R,LEC,2,3675.0,236.79846665008358,100.0,10814.0,3548.7408883520948,754.6231359665148,0,0,6
2024,1,R,LEC,2,3700.0,237.72092924300662,100.0,10922.139386450992,3678.986252545172,968.771331889734,0,0,6
2024,1,R,LEC,2,3725.0,237.57761603375528,100.0,10904.963966244724,3832.084537340923,1163.8537007751759,0,0,6
2024,1,R,LEC,2,3750.0,236.563697304239,100.0,10931.595307573596,4015.7715124490724,1331.2918088190677,0,0,6
2024,1,R,LEC,2,3775.0,237.77925167826803,100.0,10929.454761747877,4232.228111170382,1458.5074436839286,0,0,6
2024,1,R,LEC,2,3800.0,237.93270628582857,100.0,10924.0,4464.7657050343505,1550.841143335742,0,0,6
2024,1,R,LEC,2,3825.0,238.02289496792633,100.0,10945.080132387742,4706.741498567094,1606.361787495368,0,0,6
2024,1,R,LEC,2,3850.0,239.56844360892472,100.0,10968.830699251936,4953.744625315098,1611.1141249713546,0,0,6
2024,1,R,LEC,2,3875.0,238.1846711791102,100.0,10973.878094761314,5261.823896746812,1547.5881579235663,0,0,6
2024,1,R,LEC,2,3900.0,238.3815178571427,100.0,10972.578214285713,5424.363982387692,1479.6077706647952,0,0,6
2024,1,R,LEC,2,3925.0,240.5262457246391,100.0,10992.526245724639,5678.727657671099,1356.6361711644504,0,0,6
2024,1,R,LEC,2,3950.0,241.0,99.33298787022362,11047.027982511887,5909.416353038231,1244.7639895956345,0,0,6
2024,1,R,LEC,2,3975.0,226.91661040819892,6.288448555738215,10863.563237049215,6125.523375522144,1140.4451023605602,1,0,6
2024,1,R,LEC,2,4000.0,183.75117204262875,2.840802541579204,10759.508343113193,6346.197725395514,1013.9593750183125,1,0,6
2024,1,R,LEC,2,4025.0,158.29714784898545,4.515604011616503,9537.408234253753,6532.015126165002,849.551660364434,1,0,4
2024,1,R,LEC,2,4050.0,139.81891994709878,6.18108005290121,8796.183913334447,6648.129786966906,611.6938793213085,0,0,4
2024,1,R,LEC,2,4075.0,133.29864726096358,22.909469173254898,8405.663892729464,6660.875466702666,378.79901988666103,0,0,4
2024,1,R,LEC,2,4100.0,136.0979300612429,53.30923631846308,8725.025011769081,6579.306687429344,151.55387101927627,0,0,4
2024,1,R,LEC,2,4125.0,145.77824653218246,75.29327020522359,9579.846262985044,6424.214789888407,-36.35197243930691,0,0,4
2024,1,R,LEC,2,4150.0,163.4309508963509,94.64642634452638,10501.024176409743,6231.523230810058,-185.67881835556454,0,0,4
2024,1,R,LEC,2,4175.0,185.07581496896404,99.077015419253,11689.814757453982,6021.023795081224,-305.94463546922896,0,0,4
2024,1,R,LEC,2,4200.0,196.27002641800024,99.0,10718.050983336676,5780.995920675914,-433.0774859427776,0,0,5
2024,1,R,LEC,2,4225.0,211.38697439316974,99.0,11359.505849026256,5588.92887579258,-532.5743401996577,0,0,5
2024,1,R,LEC,2,4250.0,221.91146417095726,99.0,11773.583426735317,5342.886250620663,-660.5096203988882,0,0,5
2024,1,R,LEC,2,4275.0,228.1882174905645,99.0,10837.632597567896,5147.035320747782,-763.7759681098776,0,0,5
2024,1,R,LEC,2,4300.0,239.0432444430117,99.0,11059.688325881034,4897.4670865678745,-897.7978445738914,0,0,6
2024,1,R,LEC,2,4325.0,245.4073848045984,99.0,11282.906316821873,4709.734163793614,-1000.002060629063,0,0,6
2024,1,R,LEC,2,4350.0,250.3055180514898,99.0,11541.143667473534,4457.259112489063,-1138.6609349489086,0,0,6
2024,1,R,LEC,2,4375.0,255.9096677834722,99.0,11722.406246047407,4216.085074215748,-1271.5689811825328,0,0,6
2024,1,R,LEC,2,4400.0,261.4585831904048,99.0,10869.142866780609,4055.6176352190223,-1360.9685779164718,0,0,6
2024,1,R,LEC,2,4425.0,266.5417871930919,99.0,10731.25940106117,3823.417519617665,-1490.01853692517,0,0,7
2024,1,R,LEC,2,4450.0,270.9813191881917,99.0,10845.0,3563.131627514201,-1634.5767362547376,0,0,7
2024,1,R,LEC,2,4475.0,273.7492374438708,99.0,11040.477123316125,3428.6100998480097,-1709.4362100373821,0,0,7
2024,1,R,LEC,2,4500.0,278.47913947701704,99.0,11185.887873808637,3117.227300351098,-1883.8335092845928,0,0,7
2024,1,R,LEC,2,4525.0,281.424797633242,99.0,11290.478341619968,2988.602841293464,-1954.7832556385129,0,0,7
2024,1,R,LEC,2,4550.0,284.0568857722213,99.0,11356.73051706662,2765.902880262933,-2079.5531659605394,0,0,7
2024,1,R,LEC,2,4575.0,286.40972293605716,99.0,11469.666700930744,2482.5544657007867,-2237.399111756995,0,0,7
2024,1,R,LEC,2,4600.0,288.67109581136424,99.0,11555.652805492067,2285.006970638943,-2347.188137056278,0,0,7
2024,1,R,LEC,2,4625.0,289.8270343830241,99.0,11636.470888174028,2114.549190396179,-2442.354854828237,0,0,7
2024,1,R,LEC,2,4650.0,291.13134583004296,99.0,11693.37120963777,1810.6283839387938,-2612.9030215747525,0,0,7
2024,1,R,LEC,2,4675.0,294.0,99.0,11766.98950051477,1679.6332150084495,-2687.062588709386,0,0,7
2024,1,R,LEC,2,4700.0,293.7628108239884,99.0,11732.032215992198,1460.2239047399232,-2812.1915565547765,0,0,7
2024,1,R,LEC,2,4725.0,293.0,99.0,11734.514642990673,1243.5585180936762,-2936.409553880279,0,0,7
2024,1,R,LEC,2,4750.0,292.4284981348206,45.27882467313315,11594.555597121242,1021.3516872241769,-3063.654338088032,0,0,7
2024,1,R,LEC,2,4775.0,281.23834925741653,1.0866724572423658,11333.726915661422,733.8505903705841,-3226.237585167601,1,0,7
2024,1,R,LEC,2,4800.0,220.916430994085,0.3055626971489392,10333.000514194724,578.9942983045346,-3312.8409968853252,1,0,7
2024,1,R,LEC,2,4825.0,172.09411694494818,1.0,10394.775401388659,336.0016375988732,-3433.627480241208,1,0,6
2024,1,R,LEC,2,4850.0,145.10924516599104,0.7945377417004482,8939.225242685001,95.68355885673859,-3494.927730936647,1,0,4
2024,1,R,LEC,2,4875.0,124.5903551579313,4.2048224210343506,8908.168523790351,-145.34311336836763,-3472.068648011689,1,0,4
2024,1,R,LEC,2,4900.0,117.84997275267399,53.649754774065876,9098.290790403807,-333.5526260828157,-3311.0439282174507,0,0,3
2024,1,R,LEC,2,4925.0,134.70844615853488,77.02506769512092,10428.63018654254,-481.20171415493155,-3058.479481242292,0,0,3
2024,1,R,LEC,2,4950.0,154.6006518291664,99.17785020324071,10126.031312589783,-530.4826109806793,-2909.405011031291,0,0,4
2024,1,R,LEC,2,4975.0,176.31712126125976,100.0,11486.14476939334,-570.1376020447717,-2665.9864750618904,0,0,4
2024,1,R,LEC,2,5000.0,192.78718677327387,100.0,10945.637058798467,-575.3563560220163,-2357.486450377761,0,0,4
2024,1,R,LEC,2,5025.0,203.723357323527,100.0,10943.444508852825,-568.2118697664436,-2180.4528302210206,0,0,5
2024,1,R,LEC,2,5050.0,216.29713362706647,100.0,11672.073879590926,-552.8507961389818,-1913.185395925379,0,0,5
2024,1,R,LEC,2,5075.0,227.03006304684524,100.0,11224.316952795663,-538.1091175076901,-1666.7697751603587,0,0,5
2024,1,R,LEC,2,5100.0,235.0896104214147,100.0,10909.213475477047,-523.2734188982653,-1409.0452815485446,0,0,6
2024,1,R,LEC,2,5125.0,239.75020833333326,100.0,11057.751875,-508.56721660656945,-1150.59820619949,0,0,6
2024,1,R,LEC,2,5150.0,249.24069999999955,100.0,11453.095724999983,-496.9985129243859,-932.3959643012713,0,0,6
2024,1,R,LEC,2,5175.0,253.83758444712106,100.0,11582.828140139736,-481.1544324572446,-651.1944259245056,0,0,6
2024,1,R,LEC,2,5200.0,259.6702975347074,100.0,10993.439165014772,-469.92515814905136,-441.07091788138,0,0,6
2024,1,R,LEC,2,5225.0,263.1779675788836,100.0,10553.432281680833,-456.60215360019697,-192.7207094595997,0,0,7
2024,1,R,LEC,2,5250.0,266.91380353616313,100.0,10705.781998683422,-442.6076560978934,54.129341105053754,0,0,7
2024,1,R,LEC,2,5275.0,269.8650670687755,100.0,10861.319831202652,-427.84226205643444,336.668387528199,0,0,7
2024,1,R,LEC,2,5300.0,274.07658494362164,100.0,10973.730683572867,-416.5980324102037,557.392166123331,0,0,7
2024,1,R,LEC,2,5325.0,275.7109775302349,99.28902246976513,11121.658651814092,-398.44849548292655,904.609487107021,0,0,7
2024,1,R,LEC,2,5350.0,278.48679435483865,99.0,11180.446572580644,-389.676022749493,1079.8546637708523,0,0,7
