season,round,session,time_sec,air_temp,track_temp,humidity,pressure,wind_speed,wind_direction,is_raining
2024,1,R,14.093,18.9,26.5,46.0,1017.1,0.9,162,false
2024,1,R,74.084,18.9,26.5,46.0,1017.0,1.0,55,false
2024,1,R,134.093,18.9,26.5,46.0,1017.0,1.0,55,false
2024,1,R,194.09,18.9,26.2,45.0,1017.0,1.1,85,false
2024,1,R,254.091,18.9,26.2,46.0,1017.0,1.0,178,false
2024,1,R,314.093,18.9,26.2,46.0,1017.0,1.0,178,false
2024,1,R,374.087,18.9,26.1,46.0,1017.0,1.5,56,false
2024,1,R,434.097,18.9,26.2,46.0,1017.0,0.8,155,false
2024,1,R,494.086,18.9,26.2,46.0,1017.0,0.9,15,false
2024,1,R,554.1,18.9,26.0,46.0,1017.0,1.0,51,false
2024,1,R,614.093,18.9,25.8,46.0,1017.0,1.6,147,false
2024,1,R,674.093,18.8,25.7,47.0,1017.0,1.1,84,false
2024,1,R,734.09,18.8,25.7,47.0,1017.1,1.0,64,false
2024,1,R,794.099,18.7,25.8,47.0,1017.0,0.8,26,false
2024,1,R,854.093,18.8,25.8,46.0,1017.0,1.3,143,false
2024,1,R,914.091,18.8,25.7,46.0,1017.1,1.4,36,false
2024,1,R,974.102,18.7,25.6,46.0,1017.1,0.6,216,false
2024,1,R,1034.102,18.7,25.6,46.0,1017.0,0.5,37,false
2024,1,R,1094.104,18.7,25.6,46.0,1017.0,1.1,27,false
2024,1,R,1154.121,18.7,25.5,46.0,1017.0,1.0,48,false
2024,1,R,1214.108,18.7,25.5,46.0,1016.9,0.8,147,false
2024,1,R,1274.111,18.7,25.5,46.0,1017.0,1.0,162,false
2024,1,R,1334.102,18.7,25.4,46.0,1017.0,1.2,140,false
2024,1,R,1394.105,18.7,25.4,46.0,1017.0,1.3,182,false
2024,1,R,1454.101,18.7,25.4,46.0,1017.0,1.4,144,false
2024,1,R,1514.101,18.7,25.4,46.0,1017.0,1.4,14,false
2024,1,R,1574.108,18.7,25.4,46.0,1017.0,1.1,180,false
2024,1,R,1634.1,18.6,25.5,46.0,1017.1,0.4,77,false
2024,1,R,1694.104,18.6,25.3,46.0,1017.1,0.6,0,false
2024,1,R,1754.105,18.6,25.3,46.0,1017.1,0.7,39,false
2024,1,R,1814.103,18.6,25.0,46.0,1017.0,0.4,332,false
2024,1,R,1874.109,18.6,25.0,46.0,1017.0,0.9,45,false
2024,1,R,1934.106,18.6,24.9,46.0,1017.0,1.4,35,false
2024,1,R,1994.112,18.6,24.9,46.0,1017.0,1.3,59,false
2024,1,R,2054.109,18.6,24.9,46.0,1017.0,0.9,36,false
2024,1,R,2114.108,18.5,24.7,46.0,1017.0,1.6,44,false
2024,1,R,2174.113,18.5,24.7,47.0,1017.0,1.6,53,false
2024,1,R,2234.113,18.5,24.7,47.0,1017.0,1.0,44,false
2024,1,R,2294.113,18.5,24.6,47.0,1017.1,1.4,39,false
2024,1,R,2354.111,18.5,24.7,47.0,1017.1,1.3,0,false
2024,1,R,2414.102,18.5,24.7,47.0,1017.0,0.5,26,false
2024,1,R,2474.117,18.5,24.5,47.0,1017.1,0.8,48,false
2024,1,R,2534.108,18.5,24.5,47.0,1017.0,1.8,30,false
2024,1,R,2594.107,18.5,24.5,47.0,1017.1,1.5,113,false
2024,1,R,2654.122,18.4,24.3,48.0,1017.1,1.2,40,false
2024,1,R,2714.117,18.4,24.3,49.0,1017.0,1.6,23,false
2024,1,R,2774.119,18.4,24.3,49.0,1017.0,0.9,43,false
2024,1,R,2834.114,18.4,24.2,49.0,1017.0,1.8,28,false
2024,1,R,2894.12,18.4,24.1,49.0,1017.0,1.6,22,false
2024,1,R,2954.118,18.4,24.1,49.0,1017.0,1.3,40,false
2024,1,R,3014.12,18.4,24.2,49.0,1017.0,1.6,57,false
2024,1,R,3074.116,18.4,24.1,49.0,1017.0,1.6,71,false
2024,1,R,3134.119,18.4,24.0,49.0,1017.0,2.0,42,false
2024,1,R,3194.125,18.4,23.9,49.0,1017.0,1.8,26,false
2024,1,R,3254.118,18.3,23.8,49.0,1017.1,1.8,30,false
2024,1,R,3314.13,18.4,23.7,49.0,1017.0,2.1,32,false
2024,1,R,3374.118,18.3,23.7,49.0,1017.0,1.6,37,false
2024,1,R,3434.122,18.3,23.9,49.0,1017.0,1.6,48,false
2024,1,R,3494.118,18.3,23.9,49.0,1017.0,1.1,34,false
2024,1,R,3554.135,18.3,23.8,49.0,1017.1,1.2,44,false
2024,1,R,3614.115,18.2,23.8,49.0,1017.2,1.5,58,false
2024,1,R,3674.131,18.3,23.8,49.0,1017.0,0.9,28,false
2024,1,R,3734.121,18.3,23.8,49.0,1017.0,1.1,33,false
2024,1,R,3794.127,18.3,23.8,49.0,1017.1,1.5,89,false
2024,1,R,3854.121,18.3,23.8,49.0,1017.0,1.0,32,false
2024,1,R,3914.127,18.3,23.7,49.0,1017.0,0.9,24,false
2024,1,R,3974.123,18.3,23.6,49.0,1017.0,0.7,37,false
2024,1,R,4034.127,18.3,23.5,50.0,1017.1,1.5,40,false
2024,1,R,4094.122,18.3,23.5,50.0,1017.1,1.1,236,false
2024,1,R,4154.126,18.3,23.5,49.0,1017.1,0.6,0,false
2024,1,R,4214.127,18.3,23.5,50.0,1017.1,0.5,13,false
2024,1,R,4274.135,18.3,23.7,50.0,1017.2,0.5,10,false
2024,1,R,4334.127,18.2,23.7,50.0,1017.2,1.1,126,false
2024,1,R,4394.142,18.2,23.5,50.0,1017.2,0.4,98,false
2024,1,R,4454.13,18.2,23.5,50.0,1017.1,0.6,221,false
2024,1,R,4514.132,18.2,23.5,50.0,1017.2,0.5,330,false
2024,1,R,4574.177,18.2,23.5,50.0,1017.2,0.5,330,false
2024,1,R,4634.141,18.2,23.4,50.0,1017.2,0.6,155,false
2024,1,R,4694.133,18.2,23.5,50.0,1017.2,0.5,157,false
2024,1,R,4754.137,18.3,23.6,50.0,1017.2,0.5,354,false
2024,1,R,4814.14,18.3,23.5,50.0,1017.2,0.4,42,false
2024,1,R,4874.145,18.2,23.4,50.0,1017.1,1.0,123,false
2024,1,R,4934.142,18.2,23.3,50.0,1017.2,0.5,0,false
2024,1,R,4994.142,18.1,23.5,50.0,1017.1,0.4,0,false
2024,1,R,5054.131,18.1,23.3,50.0,1017.2,0.0,179,false
2024,1,R,5114.135,18.1,23.2,50.0,1017.2,0.4,236,false
2024,1,R,5174.136,18.1,23.3,50.0,1017.2,0.3,150,false
2024,1,R,5234.137,18.1,23.4,51.0,1017.1,0.7,178,false
2024,1,R,5294.122,18.1,23.4,50.0,1017.2,0.4,20,false
2024,1,R,5354.144,18.1,23.3,50.0,1017.1,0.0,303,false
2024,1,R,5414.138,18.1,23.3,50.0,1017.1,0.5,71,false
2024,1,R,5474.139,18.1,23.3,50.0,1017.1,0.6,47,false
2024,1,R,5534.141,18.1,23.2,50.0,1017.1,0.7,27,false
2024,1,R,5594.145,18.1,23.1,50.0,1017.2,0.5,65,false
2024,1,R,5654.141,18.1,23.1,50.0,1017.1,0.7,94,false
2024,1,R,5714.144,18.1,23.2,50.0,1017.2,0.5,37,false
2024,1,R,5774.143,18.1,23.2,50.0,1017.1,0.9,71,false
2024,1,R,5834.151,18.1,23.0,50.0,1017.1,0.8,338,false
2024,1,R,5894.153,18.1,23.0,50.0,1017.2,0.3,25,false
2024,1,R,5954.151,18.1,23.0,49.0,1017.2,0.9,46,false
2024,1,R,6014.148,18.1,23.0,49.0,1017.1,0.7,47,false
2024,1,R,6074.154,18.1,22.9,49.0,1017.2,0.7,46,false
2024,1,R,6134.155,18.1,22.9,49.0,1017.2,0.0,29,false
2024,1,R,6194.147,18.1,22.9,49.0,1017.2,0.7,246,false
2024,1,R,6254.146,18.1,22.9,49.0,1017.2,0.0,0,false
2024,1,R,6314.166,18.1,22.8,49.0,1017.3,0.6,55,false
2024,1,R,6374.151,18.1,22.8,49.0,1017.2,0.8,0,false
2024,1,R,6434.178,18.0,22.8,49.0,1017.3,0.6,45,false
2024,1,R,6494.196,18.0,22.7,49.0,1017.2,0.7,28,false
2024,1,R,6554.206,18.0,22.6,49.0,1017.3,0.8,96,false
2024,1,R,6614.198,18.0,22.7,49.0,1017.3,0.5,53,false
2024,1,R,6674.211,18.0,22.7,49.0,1017.2,0.6,30,false
2024,1,R,6734.222,18.0,22.7,49.0,1017.3,0.8,82,false
2024,1,R,6794.241,18.0,22.7,49.0,1017.3,0.7,28,false
2024,1,R,6854.25,18.0,22.7,49.0,1017.3,0.7,27,false
2024,1,R,6914.254,17.9,22.7,49.0,1017.3,0.0,29,false
2024,1,R,6974.267,18.0,22.7,49.0,1017.4,0.6,328,false
2024,1,R,7034.264,18.0,22.6,49.0,1017.4,0.7,132,false
2024,1,R,7094.274,18.0,22.6,50.0,1017.4,0.7,41,false
2024,1,R,7154.291,18.0,22.6,50.0,1017.5,0.9,13,false
2024,1,R,7214.284,17.9,22.5,50.0,1017.4,0.4,156,false
2024,1,R,7274.291,17.9,22.6,50.0,1017.4,0.4,66,false
2024,1,R,7334.282,17.9,22.6,50.0,1017.4,0.8,59,false
2024,1,R,7394.291,17.9,22.4,50.0,1017.5,0.6,142,false
2024,1,R,7454.293,17.9,22.4,50.0,1017.4,1.0,50,false
2024,1,R,7514.296,17.9,22.4,50.0,1017.4,0.4,33,false
2024,1,R,7574.286,17.9,22.3,50.0,1017.4,0.7,81,false
2024,1,R,7634.293,17.9,22.4,50.0,1017.4,0.4,0,false
2024,1,R,7694.284,17.9,22.4,50.0,1017.4,0.0,50,false
2024,1,R,7754.283,17.9,22.2,50.0,1017.4,0.5,10,false
2024,1,R,7814.288,17.9,22.2,50.0,1017.4,0.6,141,false
2024,1,R,7874.294,17.9,22.2,50.0,1017.4,0.4,1,false
2024,1,R,7934.323,17.9,22.1,50.0,1017.5,0.0,0,false
2024,1,R,7994.314,17.8,22.1,51.0,1017.5,0.5,0,false
2024,1,R,8054.301,17.8,22.0,51.0,1017.5,0.0,270,false
2024,1,R,8114.294,17.8,22.0,51.0,1017.5,0.3,140,false
2024,1,R,8174.296,17.8,21.9,51.0,1017.5,0.7,0,false
2024,1,R,8234.3,17.8,21.9,51.0,1017.4,0.6,0,false
2024,1,R,8294.299,17.7,22.0,51.0,1017.5,0.0,356,false
2024,1,R,8354.302,17.7,22.0,51.0,1017.4,0.4,0,false
2024,1,R,8414.303,17.7,21.9,51.0,1017.4,0.5,148,false
2024,1,R,8474.295,17.7,21.9,51.0,1017.4,0.0,0,false
2024,1,R,8534.301,17.6,22.0,51.0,1017.5,0.4,340,false
2024,1,R,8594.293,17.6,22.0,51.0,1017.5,0.4,138,false
2024,1,R,8654.299,17.6,21.9,51.0,1017.5,0.4,0,false
2024,1,R,8714.302,17.6,21.9,51.0,1017.5,0.4,254,false
2024,1,R,8774.302,17.6,21.9,51.0,1017.5,0.0,330,false
2024,1,R,8834.309,17.6,21.9,51.0,1017.5,0.3,213,false
2024,1,R,8894.305,17.6,21.9,51.0,1017.5,0.3,0,false
2024,1,R,8954.305,17.6,21.9,51.0,1017.5,0.0,12,false
2024,1,R,9014.302,17.6,21.9,51.0,1017.5,0.4,115,false
2024,1,R,9074.307,17.7,22.0,51.0,1017.5,0.0,96,false
2024,1,R,9134.3,17.6,21.9,51.0,1017.5,0.7,0,false
2024,1,R,9194.3,17.6,21.9,51.0,1017.5,0.0,271,false
2024,1,R,9254.313,17.7,21.9,51.0,1017.5,0.4,0,false
2024,1,R,9314.305,17.6,21.9,51.0,1017.5,0.0,257,false
2024,1,R,9374.319,17.7,21.9,51.0,1017.4,0.0,167,false
